"","word","sentiment","lexicon","score"
"1","abandon",NA,"AFINN",-2
"2","abandoned",NA,"AFINN",-2
"3","abandons",NA,"AFINN",-2
"4","abducted",NA,"AFINN",-2
"5","abduction",NA,"AFINN",-2
"6","abductions",NA,"AFINN",-2
"7","abhor",NA,"AFINN",-3
"8","abhorred",NA,"AFINN",-3
"9","abhorrent",NA,"AFINN",-3
"10","abhors",NA,"AFINN",-3
"11","abilities",NA,"AFINN",2
"12","ability",NA,"AFINN",2
"13","aboard",NA,"AFINN",1
"14","absentee",NA,"AFINN",-1
"15","absentees",NA,"AFINN",-1
"16","absolve",NA,"AFINN",2
"17","absolved",NA,"AFINN",2
"18","absolves",NA,"AFINN",2
"19","absolving",NA,"AFINN",2
"20","absorbed",NA,"AFINN",1
"21","abuse",NA,"AFINN",-3
"22","abused",NA,"AFINN",-3
"23","abuses",NA,"AFINN",-3
"24","abusive",NA,"AFINN",-3
"25","accept",NA,"AFINN",1
"26","accepted",NA,"AFINN",1
"27","accepting",NA,"AFINN",1
"28","accepts",NA,"AFINN",1
"29","accident",NA,"AFINN",-2
"30","accidental",NA,"AFINN",-2
"31","accidentally",NA,"AFINN",-2
"32","accidents",NA,"AFINN",-2
"33","accomplish",NA,"AFINN",2
"34","accomplished",NA,"AFINN",2
"35","accomplishes",NA,"AFINN",2
"36","accusation",NA,"AFINN",-2
"37","accusations",NA,"AFINN",-2
"38","accuse",NA,"AFINN",-2
"39","accused",NA,"AFINN",-2
"40","accuses",NA,"AFINN",-2
"41","accusing",NA,"AFINN",-2
"42","ache",NA,"AFINN",-2
"43","achievable",NA,"AFINN",1
"44","aching",NA,"AFINN",-2
"45","acquit",NA,"AFINN",2
"46","acquits",NA,"AFINN",2
"47","acquitted",NA,"AFINN",2
"48","acquitting",NA,"AFINN",2
"49","acrimonious",NA,"AFINN",-3
"50","active",NA,"AFINN",1
"51","adequate",NA,"AFINN",1
"52","admire",NA,"AFINN",3
"53","admired",NA,"AFINN",3
"54","admires",NA,"AFINN",3
"55","admiring",NA,"AFINN",3
"56","admit",NA,"AFINN",-1
"57","admits",NA,"AFINN",-1
"58","admitted",NA,"AFINN",-1
"59","admonish",NA,"AFINN",-2
"60","admonished",NA,"AFINN",-2
"61","adopt",NA,"AFINN",1
"62","adopts",NA,"AFINN",1
"63","adorable",NA,"AFINN",3
"64","adore",NA,"AFINN",3
"65","adored",NA,"AFINN",3
"66","adores",NA,"AFINN",3
"67","advanced",NA,"AFINN",1
"68","advantage",NA,"AFINN",2
"69","advantages",NA,"AFINN",2
"70","adventure",NA,"AFINN",2
"71","adventures",NA,"AFINN",2
"72","adventurous",NA,"AFINN",2
"73","affected",NA,"AFINN",-1
"74","affection",NA,"AFINN",3
"75","affectionate",NA,"AFINN",3
"76","afflicted",NA,"AFINN",-1
"77","affronted",NA,"AFINN",-1
"78","afraid",NA,"AFINN",-2
"79","aggravate",NA,"AFINN",-2
"80","aggravated",NA,"AFINN",-2
"81","aggravates",NA,"AFINN",-2
"82","aggravating",NA,"AFINN",-2
"83","aggression",NA,"AFINN",-2
"84","aggressions",NA,"AFINN",-2
"85","aggressive",NA,"AFINN",-2
"86","aghast",NA,"AFINN",-2
"87","agog",NA,"AFINN",2
"88","agonise",NA,"AFINN",-3
"89","agonised",NA,"AFINN",-3
"90","agonises",NA,"AFINN",-3
"91","agonising",NA,"AFINN",-3
"92","agonize",NA,"AFINN",-3
"93","agonized",NA,"AFINN",-3
"94","agonizes",NA,"AFINN",-3
"95","agonizing",NA,"AFINN",-3
"96","agree",NA,"AFINN",1
"97","agreeable",NA,"AFINN",2
"98","agreed",NA,"AFINN",1
"99","agreement",NA,"AFINN",1
"100","agrees",NA,"AFINN",1
"101","alarm",NA,"AFINN",-2
"102","alarmed",NA,"AFINN",-2
"103","alarmist",NA,"AFINN",-2
"104","alarmists",NA,"AFINN",-2
"105","alas",NA,"AFINN",-1
"106","alert",NA,"AFINN",-1
"107","alienation",NA,"AFINN",-2
"108","alive",NA,"AFINN",1
"109","allergic",NA,"AFINN",-2
"110","allow",NA,"AFINN",1
"111","alone",NA,"AFINN",-2
"112","amaze",NA,"AFINN",2
"113","amazed",NA,"AFINN",2
"114","amazes",NA,"AFINN",2
"115","amazing",NA,"AFINN",4
"116","ambitious",NA,"AFINN",2
"117","ambivalent",NA,"AFINN",-1
"118","amuse",NA,"AFINN",3
"119","amused",NA,"AFINN",3
"120","amusement",NA,"AFINN",3
"121","amusements",NA,"AFINN",3
"122","anger",NA,"AFINN",-3
"123","angers",NA,"AFINN",-3
"124","angry",NA,"AFINN",-3
"125","anguish",NA,"AFINN",-3
"126","anguished",NA,"AFINN",-3
"127","animosity",NA,"AFINN",-2
"128","annoy",NA,"AFINN",-2
"129","annoyance",NA,"AFINN",-2
"130","annoyed",NA,"AFINN",-2
"131","annoying",NA,"AFINN",-2
"132","annoys",NA,"AFINN",-2
"133","antagonistic",NA,"AFINN",-2
"134","anti",NA,"AFINN",-1
"135","anticipation",NA,"AFINN",1
"136","anxiety",NA,"AFINN",-2
"137","anxious",NA,"AFINN",-2
"138","apathetic",NA,"AFINN",-3
"139","apathy",NA,"AFINN",-3
"140","apeshit",NA,"AFINN",-3
"141","apocalyptic",NA,"AFINN",-2
"142","apologise",NA,"AFINN",-1
"143","apologised",NA,"AFINN",-1
"144","apologises",NA,"AFINN",-1
"145","apologising",NA,"AFINN",-1
"146","apologize",NA,"AFINN",-1
"147","apologized",NA,"AFINN",-1
"148","apologizes",NA,"AFINN",-1
"149","apologizing",NA,"AFINN",-1
"150","apology",NA,"AFINN",-1
"151","appalled",NA,"AFINN",-2
"152","appalling",NA,"AFINN",-2
"153","appease",NA,"AFINN",2
"154","appeased",NA,"AFINN",2
"155","appeases",NA,"AFINN",2
"156","appeasing",NA,"AFINN",2
"157","applaud",NA,"AFINN",2
"158","applauded",NA,"AFINN",2
"159","applauding",NA,"AFINN",2
"160","applauds",NA,"AFINN",2
"161","applause",NA,"AFINN",2
"162","appreciate",NA,"AFINN",2
"163","appreciated",NA,"AFINN",2
"164","appreciates",NA,"AFINN",2
"165","appreciating",NA,"AFINN",2
"166","appreciation",NA,"AFINN",2
"167","apprehensive",NA,"AFINN",-2
"168","approval",NA,"AFINN",2
"169","approved",NA,"AFINN",2
"170","approves",NA,"AFINN",2
"171","ardent",NA,"AFINN",1
"172","arrest",NA,"AFINN",-2
"173","arrested",NA,"AFINN",-3
"174","arrests",NA,"AFINN",-2
"175","arrogant",NA,"AFINN",-2
"176","ashame",NA,"AFINN",-2
"177","ashamed",NA,"AFINN",-2
"178","ass",NA,"AFINN",-4
"179","assassination",NA,"AFINN",-3
"180","assassinations",NA,"AFINN",-3
"181","asset",NA,"AFINN",2
"182","assets",NA,"AFINN",2
"183","assfucking",NA,"AFINN",-4
"184","asshole",NA,"AFINN",-4
"185","astonished",NA,"AFINN",2
"186","astound",NA,"AFINN",3
"187","astounded",NA,"AFINN",3
"188","astounding",NA,"AFINN",3
"189","astoundingly",NA,"AFINN",3
"190","astounds",NA,"AFINN",3
"191","attack",NA,"AFINN",-1
"192","attacked",NA,"AFINN",-1
"193","attacking",NA,"AFINN",-1
"194","attacks",NA,"AFINN",-1
"195","attract",NA,"AFINN",1
"196","attracted",NA,"AFINN",1
"197","attracting",NA,"AFINN",2
"198","attraction",NA,"AFINN",2
"199","attractions",NA,"AFINN",2
"200","attracts",NA,"AFINN",1
"201","audacious",NA,"AFINN",3
"202","authority",NA,"AFINN",1
"203","avert",NA,"AFINN",-1
"204","averted",NA,"AFINN",-1
"205","averts",NA,"AFINN",-1
"206","avid",NA,"AFINN",2
"207","avoid",NA,"AFINN",-1
"208","avoided",NA,"AFINN",-1
"209","avoids",NA,"AFINN",-1
"210","await",NA,"AFINN",-1
"211","awaited",NA,"AFINN",-1
"212","awaits",NA,"AFINN",-1
"213","award",NA,"AFINN",3
"214","awarded",NA,"AFINN",3
"215","awards",NA,"AFINN",3
"216","awesome",NA,"AFINN",4
"217","awful",NA,"AFINN",-3
"218","awkward",NA,"AFINN",-2
"219","axe",NA,"AFINN",-1
"220","axed",NA,"AFINN",-1
"221","backed",NA,"AFINN",1
"222","backing",NA,"AFINN",2
"223","backs",NA,"AFINN",1
"224","bad",NA,"AFINN",-3
"225","badass",NA,"AFINN",-3
"226","badly",NA,"AFINN",-3
"227","bailout",NA,"AFINN",-2
"228","bamboozle",NA,"AFINN",-2
"229","bamboozled",NA,"AFINN",-2
"230","bamboozles",NA,"AFINN",-2
"231","ban",NA,"AFINN",-2
"232","banish",NA,"AFINN",-1
"233","bankrupt",NA,"AFINN",-3
"234","bankster",NA,"AFINN",-3
"235","banned",NA,"AFINN",-2
"236","bargain",NA,"AFINN",2
"237","barrier",NA,"AFINN",-2
"238","bastard",NA,"AFINN",-5
"239","bastards",NA,"AFINN",-5
"240","battle",NA,"AFINN",-1
"241","battles",NA,"AFINN",-1
"242","beaten",NA,"AFINN",-2
"243","beatific",NA,"AFINN",3
"244","beating",NA,"AFINN",-1
"245","beauties",NA,"AFINN",3
"246","beautiful",NA,"AFINN",3
"247","beautifully",NA,"AFINN",3
"248","beautify",NA,"AFINN",3
"249","belittle",NA,"AFINN",-2
"250","belittled",NA,"AFINN",-2
"251","beloved",NA,"AFINN",3
"252","benefit",NA,"AFINN",2
"253","benefits",NA,"AFINN",2
"254","benefitted",NA,"AFINN",2
"255","benefitting",NA,"AFINN",2
"256","bereave",NA,"AFINN",-2
"257","bereaved",NA,"AFINN",-2
"258","bereaves",NA,"AFINN",-2
"259","bereaving",NA,"AFINN",-2
"260","best",NA,"AFINN",3
"261","betray",NA,"AFINN",-3
"262","betrayal",NA,"AFINN",-3
"263","betrayed",NA,"AFINN",-3
"264","betraying",NA,"AFINN",-3
"265","betrays",NA,"AFINN",-3
"266","better",NA,"AFINN",2
"267","bias",NA,"AFINN",-1
"268","biased",NA,"AFINN",-2
"269","big",NA,"AFINN",1
"270","bitch",NA,"AFINN",-5
"271","bitches",NA,"AFINN",-5
"272","bitter",NA,"AFINN",-2
"273","bitterly",NA,"AFINN",-2
"274","bizarre",NA,"AFINN",-2
"275","blah",NA,"AFINN",-2
"276","blame",NA,"AFINN",-2
"277","blamed",NA,"AFINN",-2
"278","blames",NA,"AFINN",-2
"279","blaming",NA,"AFINN",-2
"280","bless",NA,"AFINN",2
"281","blesses",NA,"AFINN",2
"282","blessing",NA,"AFINN",3
"283","blind",NA,"AFINN",-1
"284","bliss",NA,"AFINN",3
"285","blissful",NA,"AFINN",3
"286","blithe",NA,"AFINN",2
"287","block",NA,"AFINN",-1
"288","blockbuster",NA,"AFINN",3
"289","blocked",NA,"AFINN",-1
"290","blocking",NA,"AFINN",-1
"291","blocks",NA,"AFINN",-1
"292","bloody",NA,"AFINN",-3
"293","blurry",NA,"AFINN",-2
"294","boastful",NA,"AFINN",-2
"295","bold",NA,"AFINN",2
"296","boldly",NA,"AFINN",2
"297","bomb",NA,"AFINN",-1
"298","boost",NA,"AFINN",1
"299","boosted",NA,"AFINN",1
"300","boosting",NA,"AFINN",1
"301","boosts",NA,"AFINN",1
"302","bore",NA,"AFINN",-2
"303","bored",NA,"AFINN",-2
"304","boring",NA,"AFINN",-3
"305","bother",NA,"AFINN",-2
"306","bothered",NA,"AFINN",-2
"307","bothers",NA,"AFINN",-2
"308","bothersome",NA,"AFINN",-2
"309","boycott",NA,"AFINN",-2
"310","boycotted",NA,"AFINN",-2
"311","boycotting",NA,"AFINN",-2
"312","boycotts",NA,"AFINN",-2
"313","brainwashing",NA,"AFINN",-3
"314","brave",NA,"AFINN",2
"315","breakthrough",NA,"AFINN",3
"316","breathtaking",NA,"AFINN",5
"317","bribe",NA,"AFINN",-3
"318","bright",NA,"AFINN",1
"319","brightest",NA,"AFINN",2
"320","brightness",NA,"AFINN",1
"321","brilliant",NA,"AFINN",4
"322","brisk",NA,"AFINN",2
"323","broke",NA,"AFINN",-1
"324","broken",NA,"AFINN",-1
"325","brooding",NA,"AFINN",-2
"326","bullied",NA,"AFINN",-2
"327","bullshit",NA,"AFINN",-4
"328","bully",NA,"AFINN",-2
"329","bullying",NA,"AFINN",-2
"330","bummer",NA,"AFINN",-2
"331","buoyant",NA,"AFINN",2
"332","burden",NA,"AFINN",-2
"333","burdened",NA,"AFINN",-2
"334","burdening",NA,"AFINN",-2
"335","burdens",NA,"AFINN",-2
"336","calm",NA,"AFINN",2
"337","calmed",NA,"AFINN",2
"338","calming",NA,"AFINN",2
"339","calms",NA,"AFINN",2
"340","can't stand",NA,"AFINN",-3
"341","cancel",NA,"AFINN",-1
"342","cancelled",NA,"AFINN",-1
"343","cancelling",NA,"AFINN",-1
"344","cancels",NA,"AFINN",-1
"345","cancer",NA,"AFINN",-1
"346","capable",NA,"AFINN",1
"347","captivated",NA,"AFINN",3
"348","care",NA,"AFINN",2
"349","carefree",NA,"AFINN",1
"350","careful",NA,"AFINN",2
"351","carefully",NA,"AFINN",2
"352","careless",NA,"AFINN",-2
"353","cares",NA,"AFINN",2
"354","cashing in",NA,"AFINN",-2
"355","casualty",NA,"AFINN",-2
"356","catastrophe",NA,"AFINN",-3
"357","catastrophic",NA,"AFINN",-4
"358","cautious",NA,"AFINN",-1
"359","celebrate",NA,"AFINN",3
"360","celebrated",NA,"AFINN",3
"361","celebrates",NA,"AFINN",3
"362","celebrating",NA,"AFINN",3
"363","censor",NA,"AFINN",-2
"364","censored",NA,"AFINN",-2
"365","censors",NA,"AFINN",-2
"366","certain",NA,"AFINN",1
"367","chagrin",NA,"AFINN",-2
"368","chagrined",NA,"AFINN",-2
"369","challenge",NA,"AFINN",-1
"370","chance",NA,"AFINN",2
"371","chances",NA,"AFINN",2
"372","chaos",NA,"AFINN",-2
"373","chaotic",NA,"AFINN",-2
"374","charged",NA,"AFINN",-3
"375","charges",NA,"AFINN",-2
"376","charm",NA,"AFINN",3
"377","charming",NA,"AFINN",3
"378","charmless",NA,"AFINN",-3
"379","chastise",NA,"AFINN",-3
"380","chastised",NA,"AFINN",-3
"381","chastises",NA,"AFINN",-3
"382","chastising",NA,"AFINN",-3
"383","cheat",NA,"AFINN",-3
"384","cheated",NA,"AFINN",-3
"385","cheater",NA,"AFINN",-3
"386","cheaters",NA,"AFINN",-3
"387","cheats",NA,"AFINN",-3
"388","cheer",NA,"AFINN",2
"389","cheered",NA,"AFINN",2
"390","cheerful",NA,"AFINN",2
"391","cheering",NA,"AFINN",2
"392","cheerless",NA,"AFINN",-2
"393","cheers",NA,"AFINN",2
"394","cheery",NA,"AFINN",3
"395","cherish",NA,"AFINN",2
"396","cherished",NA,"AFINN",2
"397","cherishes",NA,"AFINN",2
"398","cherishing",NA,"AFINN",2
"399","chic",NA,"AFINN",2
"400","childish",NA,"AFINN",-2
"401","chilling",NA,"AFINN",-1
"402","choke",NA,"AFINN",-2
"403","choked",NA,"AFINN",-2
"404","chokes",NA,"AFINN",-2
"405","choking",NA,"AFINN",-2
"406","clarifies",NA,"AFINN",2
"407","clarity",NA,"AFINN",2
"408","clash",NA,"AFINN",-2
"409","classy",NA,"AFINN",3
"410","clean",NA,"AFINN",2
"411","cleaner",NA,"AFINN",2
"412","clear",NA,"AFINN",1
"413","cleared",NA,"AFINN",1
"414","clearly",NA,"AFINN",1
"415","clears",NA,"AFINN",1
"416","clever",NA,"AFINN",2
"417","clouded",NA,"AFINN",-1
"418","clueless",NA,"AFINN",-2
"419","cock",NA,"AFINN",-5
"420","cocksucker",NA,"AFINN",-5
"421","cocksuckers",NA,"AFINN",-5
"422","cocky",NA,"AFINN",-2
"423","coerced",NA,"AFINN",-2
"424","collapse",NA,"AFINN",-2
"425","collapsed",NA,"AFINN",-2
"426","collapses",NA,"AFINN",-2
"427","collapsing",NA,"AFINN",-2
"428","collide",NA,"AFINN",-1
"429","collides",NA,"AFINN",-1
"430","colliding",NA,"AFINN",-1
"431","collision",NA,"AFINN",-2
"432","collisions",NA,"AFINN",-2
"433","colluding",NA,"AFINN",-3
"434","combat",NA,"AFINN",-1
"435","combats",NA,"AFINN",-1
"436","comedy",NA,"AFINN",1
"437","comfort",NA,"AFINN",2
"438","comfortable",NA,"AFINN",2
"439","comforting",NA,"AFINN",2
"440","comforts",NA,"AFINN",2
"441","commend",NA,"AFINN",2
"442","commended",NA,"AFINN",2
"443","commit",NA,"AFINN",1
"444","commitment",NA,"AFINN",2
"445","commits",NA,"AFINN",1
"446","committed",NA,"AFINN",1
"447","committing",NA,"AFINN",1
"448","compassionate",NA,"AFINN",2
"449","compelled",NA,"AFINN",1
"450","competent",NA,"AFINN",2
"451","competitive",NA,"AFINN",2
"452","complacent",NA,"AFINN",-2
"453","complain",NA,"AFINN",-2
"454","complained",NA,"AFINN",-2
"455","complains",NA,"AFINN",-2
"456","comprehensive",NA,"AFINN",2
"457","conciliate",NA,"AFINN",2
"458","conciliated",NA,"AFINN",2
"459","conciliates",NA,"AFINN",2
"460","conciliating",NA,"AFINN",2
"461","condemn",NA,"AFINN",-2
"462","condemnation",NA,"AFINN",-2
"463","condemned",NA,"AFINN",-2
"464","condemns",NA,"AFINN",-2
"465","confidence",NA,"AFINN",2
"466","confident",NA,"AFINN",2
"467","conflict",NA,"AFINN",-2
"468","conflicting",NA,"AFINN",-2
"469","conflictive",NA,"AFINN",-2
"470","conflicts",NA,"AFINN",-2
"471","confuse",NA,"AFINN",-2
"472","confused",NA,"AFINN",-2
"473","confusing",NA,"AFINN",-2
"474","congrats",NA,"AFINN",2
"475","congratulate",NA,"AFINN",2
"476","congratulation",NA,"AFINN",2
"477","congratulations",NA,"AFINN",2
"478","consent",NA,"AFINN",2
"479","consents",NA,"AFINN",2
"480","consolable",NA,"AFINN",2
"481","conspiracy",NA,"AFINN",-3
"482","constrained",NA,"AFINN",-2
"483","contagion",NA,"AFINN",-2
"484","contagions",NA,"AFINN",-2
"485","contagious",NA,"AFINN",-1
"486","contempt",NA,"AFINN",-2
"487","contemptuous",NA,"AFINN",-2
"488","contemptuously",NA,"AFINN",-2
"489","contend",NA,"AFINN",-1
"490","contender",NA,"AFINN",-1
"491","contending",NA,"AFINN",-1
"492","contentious",NA,"AFINN",-2
"493","contestable",NA,"AFINN",-2
"494","controversial",NA,"AFINN",-2
"495","controversially",NA,"AFINN",-2
"496","convince",NA,"AFINN",1
"497","convinced",NA,"AFINN",1
"498","convinces",NA,"AFINN",1
"499","convivial",NA,"AFINN",2
"500","cool",NA,"AFINN",1
"501","cool stuff",NA,"AFINN",3
"502","cornered",NA,"AFINN",-2
"503","corpse",NA,"AFINN",-1
"504","costly",NA,"AFINN",-2
"505","courage",NA,"AFINN",2
"506","courageous",NA,"AFINN",2
"507","courteous",NA,"AFINN",2
"508","courtesy",NA,"AFINN",2
"509","cover-up",NA,"AFINN",-3
"510","coward",NA,"AFINN",-2
"511","cowardly",NA,"AFINN",-2
"512","coziness",NA,"AFINN",2
"513","cramp",NA,"AFINN",-1
"514","crap",NA,"AFINN",-3
"515","crash",NA,"AFINN",-2
"516","crazier",NA,"AFINN",-2
"517","craziest",NA,"AFINN",-2
"518","crazy",NA,"AFINN",-2
"519","creative",NA,"AFINN",2
"520","crestfallen",NA,"AFINN",-2
"521","cried",NA,"AFINN",-2
"522","cries",NA,"AFINN",-2
"523","crime",NA,"AFINN",-3
"524","criminal",NA,"AFINN",-3
"525","criminals",NA,"AFINN",-3
"526","crisis",NA,"AFINN",-3
"527","critic",NA,"AFINN",-2
"528","criticism",NA,"AFINN",-2
"529","criticize",NA,"AFINN",-2
"530","criticized",NA,"AFINN",-2
"531","criticizes",NA,"AFINN",-2
"532","criticizing",NA,"AFINN",-2
"533","critics",NA,"AFINN",-2
"534","cruel",NA,"AFINN",-3
"535","cruelty",NA,"AFINN",-3
"536","crush",NA,"AFINN",-1
"537","crushed",NA,"AFINN",-2
"538","crushes",NA,"AFINN",-1
"539","crushing",NA,"AFINN",-1
"540","cry",NA,"AFINN",-1
"541","crying",NA,"AFINN",-2
"542","cunt",NA,"AFINN",-5
"543","curious",NA,"AFINN",1
"544","curse",NA,"AFINN",-1
"545","cut",NA,"AFINN",-1
"546","cute",NA,"AFINN",2
"547","cuts",NA,"AFINN",-1
"548","cutting",NA,"AFINN",-1
"549","cynic",NA,"AFINN",-2
"550","cynical",NA,"AFINN",-2
"551","cynicism",NA,"AFINN",-2
"552","damage",NA,"AFINN",-3
"553","damages",NA,"AFINN",-3
"554","damn",NA,"AFINN",-4
"555","damned",NA,"AFINN",-4
"556","damnit",NA,"AFINN",-4
"557","danger",NA,"AFINN",-2
"558","daredevil",NA,"AFINN",2
"559","daring",NA,"AFINN",2
"560","darkest",NA,"AFINN",-2
"561","darkness",NA,"AFINN",-1
"562","dauntless",NA,"AFINN",2
"563","dead",NA,"AFINN",-3
"564","deadlock",NA,"AFINN",-2
"565","deafening",NA,"AFINN",-1
"566","dear",NA,"AFINN",2
"567","dearly",NA,"AFINN",3
"568","death",NA,"AFINN",-2
"569","debonair",NA,"AFINN",2
"570","debt",NA,"AFINN",-2
"571","deceit",NA,"AFINN",-3
"572","deceitful",NA,"AFINN",-3
"573","deceive",NA,"AFINN",-3
"574","deceived",NA,"AFINN",-3
"575","deceives",NA,"AFINN",-3
"576","deceiving",NA,"AFINN",-3
"577","deception",NA,"AFINN",-3
"578","decisive",NA,"AFINN",1
"579","dedicated",NA,"AFINN",2
"580","defeated",NA,"AFINN",-2
"581","defect",NA,"AFINN",-3
"582","defects",NA,"AFINN",-3
"583","defender",NA,"AFINN",2
"584","defenders",NA,"AFINN",2
"585","defenseless",NA,"AFINN",-2
"586","defer",NA,"AFINN",-1
"587","deferring",NA,"AFINN",-1
"588","defiant",NA,"AFINN",-1
"589","deficit",NA,"AFINN",-2
"590","degrade",NA,"AFINN",-2
"591","degraded",NA,"AFINN",-2
"592","degrades",NA,"AFINN",-2
"593","dehumanize",NA,"AFINN",-2
"594","dehumanized",NA,"AFINN",-2
"595","dehumanizes",NA,"AFINN",-2
"596","dehumanizing",NA,"AFINN",-2
"597","deject",NA,"AFINN",-2
"598","dejected",NA,"AFINN",-2
"599","dejecting",NA,"AFINN",-2
"600","dejects",NA,"AFINN",-2
"601","delay",NA,"AFINN",-1
"602","delayed",NA,"AFINN",-1
"603","delight",NA,"AFINN",3
"604","delighted",NA,"AFINN",3
"605","delighting",NA,"AFINN",3
"606","delights",NA,"AFINN",3
"607","demand",NA,"AFINN",-1
"608","demanded",NA,"AFINN",-1
"609","demanding",NA,"AFINN",-1
"610","demands",NA,"AFINN",-1
"611","demonstration",NA,"AFINN",-1
"612","demoralized",NA,"AFINN",-2
"613","denied",NA,"AFINN",-2
"614","denier",NA,"AFINN",-2
"615","deniers",NA,"AFINN",-2
"616","denies",NA,"AFINN",-2
"617","denounce",NA,"AFINN",-2
"618","denounces",NA,"AFINN",-2
"619","deny",NA,"AFINN",-2
"620","denying",NA,"AFINN",-2
"621","depressed",NA,"AFINN",-2
"622","depressing",NA,"AFINN",-2
"623","derail",NA,"AFINN",-2
"624","derailed",NA,"AFINN",-2
"625","derails",NA,"AFINN",-2
"626","deride",NA,"AFINN",-2
"627","derided",NA,"AFINN",-2
"628","derides",NA,"AFINN",-2
"629","deriding",NA,"AFINN",-2
"630","derision",NA,"AFINN",-2
"631","desirable",NA,"AFINN",2
"632","desire",NA,"AFINN",1
"633","desired",NA,"AFINN",2
"634","desirous",NA,"AFINN",2
"635","despair",NA,"AFINN",-3
"636","despairing",NA,"AFINN",-3
"637","despairs",NA,"AFINN",-3
"638","desperate",NA,"AFINN",-3
"639","desperately",NA,"AFINN",-3
"640","despondent",NA,"AFINN",-3
"641","destroy",NA,"AFINN",-3
"642","destroyed",NA,"AFINN",-3
"643","destroying",NA,"AFINN",-3
"644","destroys",NA,"AFINN",-3
"645","destruction",NA,"AFINN",-3
"646","destructive",NA,"AFINN",-3
"647","detached",NA,"AFINN",-1
"648","detain",NA,"AFINN",-2
"649","detained",NA,"AFINN",-2
"650","detention",NA,"AFINN",-2
"651","determined",NA,"AFINN",2
"652","devastate",NA,"AFINN",-2
"653","devastated",NA,"AFINN",-2
"654","devastating",NA,"AFINN",-2
"655","devoted",NA,"AFINN",3
"656","diamond",NA,"AFINN",1
"657","dick",NA,"AFINN",-4
"658","dickhead",NA,"AFINN",-4
"659","die",NA,"AFINN",-3
"660","died",NA,"AFINN",-3
"661","difficult",NA,"AFINN",-1
"662","diffident",NA,"AFINN",-2
"663","dilemma",NA,"AFINN",-1
"664","dipshit",NA,"AFINN",-3
"665","dire",NA,"AFINN",-3
"666","direful",NA,"AFINN",-3
"667","dirt",NA,"AFINN",-2
"668","dirtier",NA,"AFINN",-2
"669","dirtiest",NA,"AFINN",-2
"670","dirty",NA,"AFINN",-2
"671","disabling",NA,"AFINN",-1
"672","disadvantage",NA,"AFINN",-2
"673","disadvantaged",NA,"AFINN",-2
"674","disappear",NA,"AFINN",-1
"675","disappeared",NA,"AFINN",-1
"676","disappears",NA,"AFINN",-1
"677","disappoint",NA,"AFINN",-2
"678","disappointed",NA,"AFINN",-2
"679","disappointing",NA,"AFINN",-2
"680","disappointment",NA,"AFINN",-2
"681","disappointments",NA,"AFINN",-2
"682","disappoints",NA,"AFINN",-2
"683","disaster",NA,"AFINN",-2
"684","disasters",NA,"AFINN",-2
"685","disastrous",NA,"AFINN",-3
"686","disbelieve",NA,"AFINN",-2
"687","discard",NA,"AFINN",-1
"688","discarded",NA,"AFINN",-1
"689","discarding",NA,"AFINN",-1
"690","discards",NA,"AFINN",-1
"691","disconsolate",NA,"AFINN",-2
"692","disconsolation",NA,"AFINN",-2
"693","discontented",NA,"AFINN",-2
"694","discord",NA,"AFINN",-2
"695","discounted",NA,"AFINN",-1
"696","discouraged",NA,"AFINN",-2
"697","discredited",NA,"AFINN",-2
"698","disdain",NA,"AFINN",-2
"699","disgrace",NA,"AFINN",-2
"700","disgraced",NA,"AFINN",-2
"701","disguise",NA,"AFINN",-1
"702","disguised",NA,"AFINN",-1
"703","disguises",NA,"AFINN",-1
"704","disguising",NA,"AFINN",-1
"705","disgust",NA,"AFINN",-3
"706","disgusted",NA,"AFINN",-3
"707","disgusting",NA,"AFINN",-3
"708","disheartened",NA,"AFINN",-2
"709","dishonest",NA,"AFINN",-2
"710","disillusioned",NA,"AFINN",-2
"711","disinclined",NA,"AFINN",-2
"712","disjointed",NA,"AFINN",-2
"713","dislike",NA,"AFINN",-2
"714","dismal",NA,"AFINN",-2
"715","dismayed",NA,"AFINN",-2
"716","disorder",NA,"AFINN",-2
"717","disorganized",NA,"AFINN",-2
"718","disoriented",NA,"AFINN",-2
"719","disparage",NA,"AFINN",-2
"720","disparaged",NA,"AFINN",-2
"721","disparages",NA,"AFINN",-2
"722","disparaging",NA,"AFINN",-2
"723","displeased",NA,"AFINN",-2
"724","dispute",NA,"AFINN",-2
"725","disputed",NA,"AFINN",-2
"726","disputes",NA,"AFINN",-2
"727","disputing",NA,"AFINN",-2
"728","disqualified",NA,"AFINN",-2
"729","disquiet",NA,"AFINN",-2
"730","disregard",NA,"AFINN",-2
"731","disregarded",NA,"AFINN",-2
"732","disregarding",NA,"AFINN",-2
"733","disregards",NA,"AFINN",-2
"734","disrespect",NA,"AFINN",-2
"735","disrespected",NA,"AFINN",-2
"736","disruption",NA,"AFINN",-2
"737","disruptions",NA,"AFINN",-2
"738","disruptive",NA,"AFINN",-2
"739","dissatisfied",NA,"AFINN",-2
"740","distort",NA,"AFINN",-2
"741","distorted",NA,"AFINN",-2
"742","distorting",NA,"AFINN",-2
"743","distorts",NA,"AFINN",-2
"744","distract",NA,"AFINN",-2
"745","distracted",NA,"AFINN",-2
"746","distraction",NA,"AFINN",-2
"747","distracts",NA,"AFINN",-2
"748","distress",NA,"AFINN",-2
"749","distressed",NA,"AFINN",-2
"750","distresses",NA,"AFINN",-2
"751","distressing",NA,"AFINN",-2
"752","distrust",NA,"AFINN",-3
"753","distrustful",NA,"AFINN",-3
"754","disturb",NA,"AFINN",-2
"755","disturbed",NA,"AFINN",-2
"756","disturbing",NA,"AFINN",-2
"757","disturbs",NA,"AFINN",-2
"758","dithering",NA,"AFINN",-2
"759","dizzy",NA,"AFINN",-1
"760","dodging",NA,"AFINN",-2
"761","dodgy",NA,"AFINN",-2
"762","does not work",NA,"AFINN",-3
"763","dolorous",NA,"AFINN",-2
"764","dont like",NA,"AFINN",-2
"765","doom",NA,"AFINN",-2
"766","doomed",NA,"AFINN",-2
"767","doubt",NA,"AFINN",-1
"768","doubted",NA,"AFINN",-1
"769","doubtful",NA,"AFINN",-1
"770","doubting",NA,"AFINN",-1
"771","doubts",NA,"AFINN",-1
"772","douche",NA,"AFINN",-3
"773","douchebag",NA,"AFINN",-3
"774","downcast",NA,"AFINN",-2
"775","downhearted",NA,"AFINN",-2
"776","downside",NA,"AFINN",-2
"777","drag",NA,"AFINN",-1
"778","dragged",NA,"AFINN",-1
"779","drags",NA,"AFINN",-1
"780","drained",NA,"AFINN",-2
"781","dread",NA,"AFINN",-2
"782","dreaded",NA,"AFINN",-2
"783","dreadful",NA,"AFINN",-3
"784","dreading",NA,"AFINN",-2
"785","dream",NA,"AFINN",1
"786","dreams",NA,"AFINN",1
"787","dreary",NA,"AFINN",-2
"788","droopy",NA,"AFINN",-2
"789","drop",NA,"AFINN",-1
"790","drown",NA,"AFINN",-2
"791","drowned",NA,"AFINN",-2
"792","drowns",NA,"AFINN",-2
"793","drunk",NA,"AFINN",-2
"794","dubious",NA,"AFINN",-2
"795","dud",NA,"AFINN",-2
"796","dull",NA,"AFINN",-2
"797","dumb",NA,"AFINN",-3
"798","dumbass",NA,"AFINN",-3
"799","dump",NA,"AFINN",-1
"800","dumped",NA,"AFINN",-2
"801","dumps",NA,"AFINN",-1
"802","dupe",NA,"AFINN",-2
"803","duped",NA,"AFINN",-2
"804","dysfunction",NA,"AFINN",-2
"805","eager",NA,"AFINN",2
"806","earnest",NA,"AFINN",2
"807","ease",NA,"AFINN",2
"808","easy",NA,"AFINN",1
"809","ecstatic",NA,"AFINN",4
"810","eerie",NA,"AFINN",-2
"811","eery",NA,"AFINN",-2
"812","effective",NA,"AFINN",2
"813","effectively",NA,"AFINN",2
"814","elated",NA,"AFINN",3
"815","elation",NA,"AFINN",3
"816","elegant",NA,"AFINN",2
"817","elegantly",NA,"AFINN",2
"818","embarrass",NA,"AFINN",-2
"819","embarrassed",NA,"AFINN",-2
"820","embarrasses",NA,"AFINN",-2
"821","embarrassing",NA,"AFINN",-2
"822","embarrassment",NA,"AFINN",-2
"823","embittered",NA,"AFINN",-2
"824","embrace",NA,"AFINN",1
"825","emergency",NA,"AFINN",-2
"826","empathetic",NA,"AFINN",2
"827","emptiness",NA,"AFINN",-1
"828","empty",NA,"AFINN",-1
"829","enchanted",NA,"AFINN",2
"830","encourage",NA,"AFINN",2
"831","encouraged",NA,"AFINN",2
"832","encouragement",NA,"AFINN",2
"833","encourages",NA,"AFINN",2
"834","endorse",NA,"AFINN",2
"835","endorsed",NA,"AFINN",2
"836","endorsement",NA,"AFINN",2
"837","endorses",NA,"AFINN",2
"838","enemies",NA,"AFINN",-2
"839","enemy",NA,"AFINN",-2
"840","energetic",NA,"AFINN",2
"841","engage",NA,"AFINN",1
"842","engages",NA,"AFINN",1
"843","engrossed",NA,"AFINN",1
"844","enjoy",NA,"AFINN",2
"845","enjoying",NA,"AFINN",2
"846","enjoys",NA,"AFINN",2
"847","enlighten",NA,"AFINN",2
"848","enlightened",NA,"AFINN",2
"849","enlightening",NA,"AFINN",2
"850","enlightens",NA,"AFINN",2
"851","ennui",NA,"AFINN",-2
"852","enrage",NA,"AFINN",-2
"853","enraged",NA,"AFINN",-2
"854","enrages",NA,"AFINN",-2
"855","enraging",NA,"AFINN",-2
"856","enrapture",NA,"AFINN",3
"857","enslave",NA,"AFINN",-2
"858","enslaved",NA,"AFINN",-2
"859","enslaves",NA,"AFINN",-2
"860","ensure",NA,"AFINN",1
"861","ensuring",NA,"AFINN",1
"862","enterprising",NA,"AFINN",1
"863","entertaining",NA,"AFINN",2
"864","enthral",NA,"AFINN",3
"865","enthusiastic",NA,"AFINN",3
"866","entitled",NA,"AFINN",1
"867","entrusted",NA,"AFINN",2
"868","envies",NA,"AFINN",-1
"869","envious",NA,"AFINN",-2
"870","envy",NA,"AFINN",-1
"871","envying",NA,"AFINN",-1
"872","erroneous",NA,"AFINN",-2
"873","error",NA,"AFINN",-2
"874","errors",NA,"AFINN",-2
"875","escape",NA,"AFINN",-1
"876","escapes",NA,"AFINN",-1
"877","escaping",NA,"AFINN",-1
"878","esteemed",NA,"AFINN",2
"879","ethical",NA,"AFINN",2
"880","euphoria",NA,"AFINN",3
"881","euphoric",NA,"AFINN",4
"882","eviction",NA,"AFINN",-1
"883","evil",NA,"AFINN",-3
"884","exaggerate",NA,"AFINN",-2
"885","exaggerated",NA,"AFINN",-2
"886","exaggerates",NA,"AFINN",-2
"887","exaggerating",NA,"AFINN",-2
"888","exasperated",NA,"AFINN",2
"889","excellence",NA,"AFINN",3
"890","excellent",NA,"AFINN",3
"891","excite",NA,"AFINN",3
"892","excited",NA,"AFINN",3
"893","excitement",NA,"AFINN",3
"894","exciting",NA,"AFINN",3
"895","exclude",NA,"AFINN",-1
"896","excluded",NA,"AFINN",-2
"897","exclusion",NA,"AFINN",-1
"898","exclusive",NA,"AFINN",2
"899","excuse",NA,"AFINN",-1
"900","exempt",NA,"AFINN",-1
"901","exhausted",NA,"AFINN",-2
"902","exhilarated",NA,"AFINN",3
"903","exhilarates",NA,"AFINN",3
"904","exhilarating",NA,"AFINN",3
"905","exonerate",NA,"AFINN",2
"906","exonerated",NA,"AFINN",2
"907","exonerates",NA,"AFINN",2
"908","exonerating",NA,"AFINN",2
"909","expand",NA,"AFINN",1
"910","expands",NA,"AFINN",1
"911","expel",NA,"AFINN",-2
"912","expelled",NA,"AFINN",-2
"913","expelling",NA,"AFINN",-2
"914","expels",NA,"AFINN",-2
"915","exploit",NA,"AFINN",-2
"916","exploited",NA,"AFINN",-2
"917","exploiting",NA,"AFINN",-2
"918","exploits",NA,"AFINN",-2
"919","exploration",NA,"AFINN",1
"920","explorations",NA,"AFINN",1
"921","expose",NA,"AFINN",-1
"922","exposed",NA,"AFINN",-1
"923","exposes",NA,"AFINN",-1
"924","exposing",NA,"AFINN",-1
"925","extend",NA,"AFINN",1
"926","extends",NA,"AFINN",1
"927","exuberant",NA,"AFINN",4
"928","exultant",NA,"AFINN",3
"929","exultantly",NA,"AFINN",3
"930","fabulous",NA,"AFINN",4
"931","fad",NA,"AFINN",-2
"932","fag",NA,"AFINN",-3
"933","faggot",NA,"AFINN",-3
"934","faggots",NA,"AFINN",-3
"935","fail",NA,"AFINN",-2
"936","failed",NA,"AFINN",-2
"937","failing",NA,"AFINN",-2
"938","fails",NA,"AFINN",-2
"939","failure",NA,"AFINN",-2
"940","failures",NA,"AFINN",-2
"941","fainthearted",NA,"AFINN",-2
"942","fair",NA,"AFINN",2
"943","faith",NA,"AFINN",1
"944","faithful",NA,"AFINN",3
"945","fake",NA,"AFINN",-3
"946","fakes",NA,"AFINN",-3
"947","faking",NA,"AFINN",-3
"948","fallen",NA,"AFINN",-2
"949","falling",NA,"AFINN",-1
"950","falsified",NA,"AFINN",-3
"951","falsify",NA,"AFINN",-3
"952","fame",NA,"AFINN",1
"953","fan",NA,"AFINN",3
"954","fantastic",NA,"AFINN",4
"955","farce",NA,"AFINN",-1
"956","fascinate",NA,"AFINN",3
"957","fascinated",NA,"AFINN",3
"958","fascinates",NA,"AFINN",3
"959","fascinating",NA,"AFINN",3
"960","fascist",NA,"AFINN",-2
"961","fascists",NA,"AFINN",-2
"962","fatalities",NA,"AFINN",-3
"963","fatality",NA,"AFINN",-3
"964","fatigue",NA,"AFINN",-2
"965","fatigued",NA,"AFINN",-2
"966","fatigues",NA,"AFINN",-2
"967","fatiguing",NA,"AFINN",-2
"968","favor",NA,"AFINN",2
"969","favored",NA,"AFINN",2
"970","favorite",NA,"AFINN",2
"971","favorited",NA,"AFINN",2
"972","favorites",NA,"AFINN",2
"973","favors",NA,"AFINN",2
"974","fear",NA,"AFINN",-2
"975","fearful",NA,"AFINN",-2
"976","fearing",NA,"AFINN",-2
"977","fearless",NA,"AFINN",2
"978","fearsome",NA,"AFINN",-2
"979","fed up",NA,"AFINN",-3
"980","feeble",NA,"AFINN",-2
"981","feeling",NA,"AFINN",1
"982","felonies",NA,"AFINN",-3
"983","felony",NA,"AFINN",-3
"984","fervent",NA,"AFINN",2
"985","fervid",NA,"AFINN",2
"986","festive",NA,"AFINN",2
"987","fiasco",NA,"AFINN",-3
"988","fidgety",NA,"AFINN",-2
"989","fight",NA,"AFINN",-1
"990","fine",NA,"AFINN",2
"991","fire",NA,"AFINN",-2
"992","fired",NA,"AFINN",-2
"993","firing",NA,"AFINN",-2
"994","fit",NA,"AFINN",1
"995","fitness",NA,"AFINN",1
"996","flagship",NA,"AFINN",2
"997","flees",NA,"AFINN",-1
"998","flop",NA,"AFINN",-2
"999","flops",NA,"AFINN",-2
"1000","flu",NA,"AFINN",-2
"1001","flustered",NA,"AFINN",-2
"1002","focused",NA,"AFINN",2
"1003","fond",NA,"AFINN",2
"1004","fondness",NA,"AFINN",2
"1005","fool",NA,"AFINN",-2
"1006","foolish",NA,"AFINN",-2
"1007","fools",NA,"AFINN",-2
"1008","forced",NA,"AFINN",-1
"1009","foreclosure",NA,"AFINN",-2
"1010","foreclosures",NA,"AFINN",-2
"1011","forget",NA,"AFINN",-1
"1012","forgetful",NA,"AFINN",-2
"1013","forgive",NA,"AFINN",1
"1014","forgiving",NA,"AFINN",1
"1015","forgotten",NA,"AFINN",-1
"1016","fortunate",NA,"AFINN",2
"1017","frantic",NA,"AFINN",-1
"1018","fraud",NA,"AFINN",-4
"1019","frauds",NA,"AFINN",-4
"1020","fraudster",NA,"AFINN",-4
"1021","fraudsters",NA,"AFINN",-4
"1022","fraudulence",NA,"AFINN",-4
"1023","fraudulent",NA,"AFINN",-4
"1024","free",NA,"AFINN",1
"1025","freedom",NA,"AFINN",2
"1026","frenzy",NA,"AFINN",-3
"1027","fresh",NA,"AFINN",1
"1028","friendly",NA,"AFINN",2
"1029","fright",NA,"AFINN",-2
"1030","frightened",NA,"AFINN",-2
"1031","frightening",NA,"AFINN",-3
"1032","frikin",NA,"AFINN",-2
"1033","frisky",NA,"AFINN",2
"1034","frowning",NA,"AFINN",-1
"1035","frustrate",NA,"AFINN",-2
"1036","frustrated",NA,"AFINN",-2
"1037","frustrates",NA,"AFINN",-2
"1038","frustrating",NA,"AFINN",-2
"1039","frustration",NA,"AFINN",-2
"1040","ftw",NA,"AFINN",3
"1041","fuck",NA,"AFINN",-4
"1042","fucked",NA,"AFINN",-4
"1043","fucker",NA,"AFINN",-4
"1044","fuckers",NA,"AFINN",-4
"1045","fuckface",NA,"AFINN",-4
"1046","fuckhead",NA,"AFINN",-4
"1047","fucking",NA,"AFINN",-4
"1048","fucktard",NA,"AFINN",-4
"1049","fud",NA,"AFINN",-3
"1050","fuked",NA,"AFINN",-4
"1051","fuking",NA,"AFINN",-4
"1052","fulfill",NA,"AFINN",2
"1053","fulfilled",NA,"AFINN",2
"1054","fulfills",NA,"AFINN",2
"1055","fuming",NA,"AFINN",-2
"1056","fun",NA,"AFINN",4
"1057","funeral",NA,"AFINN",-1
"1058","funerals",NA,"AFINN",-1
"1059","funky",NA,"AFINN",2
"1060","funnier",NA,"AFINN",4
"1061","funny",NA,"AFINN",4
"1062","furious",NA,"AFINN",-3
"1063","futile",NA,"AFINN",2
"1064","gag",NA,"AFINN",-2
"1065","gagged",NA,"AFINN",-2
"1066","gain",NA,"AFINN",2
"1067","gained",NA,"AFINN",2
"1068","gaining",NA,"AFINN",2
"1069","gains",NA,"AFINN",2
"1070","gallant",NA,"AFINN",3
"1071","gallantly",NA,"AFINN",3
"1072","gallantry",NA,"AFINN",3
"1073","generous",NA,"AFINN",2
"1074","genial",NA,"AFINN",3
"1075","ghost",NA,"AFINN",-1
"1076","giddy",NA,"AFINN",-2
"1077","gift",NA,"AFINN",2
"1078","glad",NA,"AFINN",3
"1079","glamorous",NA,"AFINN",3
"1080","glamourous",NA,"AFINN",3
"1081","glee",NA,"AFINN",3
"1082","gleeful",NA,"AFINN",3
"1083","gloom",NA,"AFINN",-1
"1084","gloomy",NA,"AFINN",-2
"1085","glorious",NA,"AFINN",2
"1086","glory",NA,"AFINN",2
"1087","glum",NA,"AFINN",-2
"1088","god",NA,"AFINN",1
"1089","goddamn",NA,"AFINN",-3
"1090","godsend",NA,"AFINN",4
"1091","good",NA,"AFINN",3
"1092","goodness",NA,"AFINN",3
"1093","grace",NA,"AFINN",1
"1094","gracious",NA,"AFINN",3
"1095","grand",NA,"AFINN",3
"1096","grant",NA,"AFINN",1
"1097","granted",NA,"AFINN",1
"1098","granting",NA,"AFINN",1
"1099","grants",NA,"AFINN",1
"1100","grateful",NA,"AFINN",3
"1101","gratification",NA,"AFINN",2
"1102","grave",NA,"AFINN",-2
"1103","gray",NA,"AFINN",-1
"1104","great",NA,"AFINN",3
"1105","greater",NA,"AFINN",3
"1106","greatest",NA,"AFINN",3
"1107","greed",NA,"AFINN",-3
"1108","greedy",NA,"AFINN",-2
"1109","green wash",NA,"AFINN",-3
"1110","green washing",NA,"AFINN",-3
"1111","greenwash",NA,"AFINN",-3
"1112","greenwasher",NA,"AFINN",-3
"1113","greenwashers",NA,"AFINN",-3
"1114","greenwashing",NA,"AFINN",-3
"1115","greet",NA,"AFINN",1
"1116","greeted",NA,"AFINN",1
"1117","greeting",NA,"AFINN",1
"1118","greetings",NA,"AFINN",2
"1119","greets",NA,"AFINN",1
"1120","grey",NA,"AFINN",-1
"1121","grief",NA,"AFINN",-2
"1122","grieved",NA,"AFINN",-2
"1123","gross",NA,"AFINN",-2
"1124","growing",NA,"AFINN",1
"1125","growth",NA,"AFINN",2
"1126","guarantee",NA,"AFINN",1
"1127","guilt",NA,"AFINN",-3
"1128","guilty",NA,"AFINN",-3
"1129","gullibility",NA,"AFINN",-2
"1130","gullible",NA,"AFINN",-2
"1131","gun",NA,"AFINN",-1
"1132","ha",NA,"AFINN",2
"1133","hacked",NA,"AFINN",-1
"1134","haha",NA,"AFINN",3
"1135","hahaha",NA,"AFINN",3
"1136","hahahah",NA,"AFINN",3
"1137","hail",NA,"AFINN",2
"1138","hailed",NA,"AFINN",2
"1139","hapless",NA,"AFINN",-2
"1140","haplessness",NA,"AFINN",-2
"1141","happiness",NA,"AFINN",3
"1142","happy",NA,"AFINN",3
"1143","hard",NA,"AFINN",-1
"1144","hardier",NA,"AFINN",2
"1145","hardship",NA,"AFINN",-2
"1146","hardy",NA,"AFINN",2
"1147","harm",NA,"AFINN",-2
"1148","harmed",NA,"AFINN",-2
"1149","harmful",NA,"AFINN",-2
"1150","harming",NA,"AFINN",-2
"1151","harms",NA,"AFINN",-2
"1152","harried",NA,"AFINN",-2
"1153","harsh",NA,"AFINN",-2
"1154","harsher",NA,"AFINN",-2
"1155","harshest",NA,"AFINN",-2
"1156","hate",NA,"AFINN",-3
"1157","hated",NA,"AFINN",-3
"1158","haters",NA,"AFINN",-3
"1159","hates",NA,"AFINN",-3
"1160","hating",NA,"AFINN",-3
"1161","haunt",NA,"AFINN",-1
"1162","haunted",NA,"AFINN",-2
"1163","haunting",NA,"AFINN",1
"1164","haunts",NA,"AFINN",-1
"1165","havoc",NA,"AFINN",-2
"1166","healthy",NA,"AFINN",2
"1167","heartbreaking",NA,"AFINN",-3
"1168","heartbroken",NA,"AFINN",-3
"1169","heartfelt",NA,"AFINN",3
"1170","heaven",NA,"AFINN",2
"1171","heavenly",NA,"AFINN",4
"1172","heavyhearted",NA,"AFINN",-2
"1173","hell",NA,"AFINN",-4
"1174","help",NA,"AFINN",2
"1175","helpful",NA,"AFINN",2
"1176","helping",NA,"AFINN",2
"1177","helpless",NA,"AFINN",-2
"1178","helps",NA,"AFINN",2
"1179","hero",NA,"AFINN",2
"1180","heroes",NA,"AFINN",2
"1181","heroic",NA,"AFINN",3
"1182","hesitant",NA,"AFINN",-2
"1183","hesitate",NA,"AFINN",-2
"1184","hid",NA,"AFINN",-1
"1185","hide",NA,"AFINN",-1
"1186","hides",NA,"AFINN",-1
"1187","hiding",NA,"AFINN",-1
"1188","highlight",NA,"AFINN",2
"1189","hilarious",NA,"AFINN",2
"1190","hindrance",NA,"AFINN",-2
"1191","hoax",NA,"AFINN",-2
"1192","homesick",NA,"AFINN",-2
"1193","honest",NA,"AFINN",2
"1194","honor",NA,"AFINN",2
"1195","honored",NA,"AFINN",2
"1196","honoring",NA,"AFINN",2
"1197","honour",NA,"AFINN",2
"1198","honoured",NA,"AFINN",2
"1199","honouring",NA,"AFINN",2
"1200","hooligan",NA,"AFINN",-2
"1201","hooliganism",NA,"AFINN",-2
"1202","hooligans",NA,"AFINN",-2
"1203","hope",NA,"AFINN",2
"1204","hopeful",NA,"AFINN",2
"1205","hopefully",NA,"AFINN",2
"1206","hopeless",NA,"AFINN",-2
"1207","hopelessness",NA,"AFINN",-2
"1208","hopes",NA,"AFINN",2
"1209","hoping",NA,"AFINN",2
"1210","horrendous",NA,"AFINN",-3
"1211","horrible",NA,"AFINN",-3
"1212","horrific",NA,"AFINN",-3
"1213","horrified",NA,"AFINN",-3
"1214","hostile",NA,"AFINN",-2
"1215","huckster",NA,"AFINN",-2
"1216","hug",NA,"AFINN",2
"1217","huge",NA,"AFINN",1
"1218","hugs",NA,"AFINN",2
"1219","humerous",NA,"AFINN",3
"1220","humiliated",NA,"AFINN",-3
"1221","humiliation",NA,"AFINN",-3
"1222","humor",NA,"AFINN",2
"1223","humorous",NA,"AFINN",2
"1224","humour",NA,"AFINN",2
"1225","humourous",NA,"AFINN",2
"1226","hunger",NA,"AFINN",-2
"1227","hurrah",NA,"AFINN",5
"1228","hurt",NA,"AFINN",-2
"1229","hurting",NA,"AFINN",-2
"1230","hurts",NA,"AFINN",-2
"1231","hypocritical",NA,"AFINN",-2
"1232","hysteria",NA,"AFINN",-3
"1233","hysterical",NA,"AFINN",-3
"1234","hysterics",NA,"AFINN",-3
"1235","idiot",NA,"AFINN",-3
"1236","idiotic",NA,"AFINN",-3
"1237","ignorance",NA,"AFINN",-2
"1238","ignorant",NA,"AFINN",-2
"1239","ignore",NA,"AFINN",-1
"1240","ignored",NA,"AFINN",-2
"1241","ignores",NA,"AFINN",-1
"1242","ill",NA,"AFINN",-2
"1243","illegal",NA,"AFINN",-3
"1244","illiteracy",NA,"AFINN",-2
"1245","illness",NA,"AFINN",-2
"1246","illnesses",NA,"AFINN",-2
"1247","imbecile",NA,"AFINN",-3
"1248","immobilized",NA,"AFINN",-1
"1249","immortal",NA,"AFINN",2
"1250","immune",NA,"AFINN",1
"1251","impatient",NA,"AFINN",-2
"1252","imperfect",NA,"AFINN",-2
"1253","importance",NA,"AFINN",2
"1254","important",NA,"AFINN",2
"1255","impose",NA,"AFINN",-1
"1256","imposed",NA,"AFINN",-1
"1257","imposes",NA,"AFINN",-1
"1258","imposing",NA,"AFINN",-1
"1259","impotent",NA,"AFINN",-2
"1260","impress",NA,"AFINN",3
"1261","impressed",NA,"AFINN",3
"1262","impresses",NA,"AFINN",3
"1263","impressive",NA,"AFINN",3
"1264","imprisoned",NA,"AFINN",-2
"1265","improve",NA,"AFINN",2
"1266","improved",NA,"AFINN",2
"1267","improvement",NA,"AFINN",2
"1268","improves",NA,"AFINN",2
"1269","improving",NA,"AFINN",2
"1270","inability",NA,"AFINN",-2
"1271","inaction",NA,"AFINN",-2
"1272","inadequate",NA,"AFINN",-2
"1273","incapable",NA,"AFINN",-2
"1274","incapacitated",NA,"AFINN",-2
"1275","incensed",NA,"AFINN",-2
"1276","incompetence",NA,"AFINN",-2
"1277","incompetent",NA,"AFINN",-2
"1278","inconsiderate",NA,"AFINN",-2
"1279","inconvenience",NA,"AFINN",-2
"1280","inconvenient",NA,"AFINN",-2
"1281","increase",NA,"AFINN",1
"1282","increased",NA,"AFINN",1
"1283","indecisive",NA,"AFINN",-2
"1284","indestructible",NA,"AFINN",2
"1285","indifference",NA,"AFINN",-2
"1286","indifferent",NA,"AFINN",-2
"1287","indignant",NA,"AFINN",-2
"1288","indignation",NA,"AFINN",-2
"1289","indoctrinate",NA,"AFINN",-2
"1290","indoctrinated",NA,"AFINN",-2
"1291","indoctrinates",NA,"AFINN",-2
"1292","indoctrinating",NA,"AFINN",-2
"1293","ineffective",NA,"AFINN",-2
"1294","ineffectively",NA,"AFINN",-2
"1295","infatuated",NA,"AFINN",2
"1296","infatuation",NA,"AFINN",2
"1297","infected",NA,"AFINN",-2
"1298","inferior",NA,"AFINN",-2
"1299","inflamed",NA,"AFINN",-2
"1300","influential",NA,"AFINN",2
"1301","infringement",NA,"AFINN",-2
"1302","infuriate",NA,"AFINN",-2
"1303","infuriated",NA,"AFINN",-2
"1304","infuriates",NA,"AFINN",-2
"1305","infuriating",NA,"AFINN",-2
"1306","inhibit",NA,"AFINN",-1
"1307","injured",NA,"AFINN",-2
"1308","injury",NA,"AFINN",-2
"1309","injustice",NA,"AFINN",-2
"1310","innovate",NA,"AFINN",1
"1311","innovates",NA,"AFINN",1
"1312","innovation",NA,"AFINN",1
"1313","innovative",NA,"AFINN",2
"1314","inquisition",NA,"AFINN",-2
"1315","inquisitive",NA,"AFINN",2
"1316","insane",NA,"AFINN",-2
"1317","insanity",NA,"AFINN",-2
"1318","insecure",NA,"AFINN",-2
"1319","insensitive",NA,"AFINN",-2
"1320","insensitivity",NA,"AFINN",-2
"1321","insignificant",NA,"AFINN",-2
"1322","insipid",NA,"AFINN",-2
"1323","inspiration",NA,"AFINN",2
"1324","inspirational",NA,"AFINN",2
"1325","inspire",NA,"AFINN",2
"1326","inspired",NA,"AFINN",2
"1327","inspires",NA,"AFINN",2
"1328","inspiring",NA,"AFINN",3
"1329","insult",NA,"AFINN",-2
"1330","insulted",NA,"AFINN",-2
"1331","insulting",NA,"AFINN",-2
"1332","insults",NA,"AFINN",-2
"1333","intact",NA,"AFINN",2
"1334","integrity",NA,"AFINN",2
"1335","intelligent",NA,"AFINN",2
"1336","intense",NA,"AFINN",1
"1337","interest",NA,"AFINN",1
"1338","interested",NA,"AFINN",2
"1339","interesting",NA,"AFINN",2
"1340","interests",NA,"AFINN",1
"1341","interrogated",NA,"AFINN",-2
"1342","interrupt",NA,"AFINN",-2
"1343","interrupted",NA,"AFINN",-2
"1344","interrupting",NA,"AFINN",-2
"1345","interruption",NA,"AFINN",-2
"1346","interrupts",NA,"AFINN",-2
"1347","intimidate",NA,"AFINN",-2
"1348","intimidated",NA,"AFINN",-2
"1349","intimidates",NA,"AFINN",-2
"1350","intimidating",NA,"AFINN",-2
"1351","intimidation",NA,"AFINN",-2
"1352","intricate",NA,"AFINN",2
"1353","intrigues",NA,"AFINN",1
"1354","invincible",NA,"AFINN",2
"1355","invite",NA,"AFINN",1
"1356","inviting",NA,"AFINN",1
"1357","invulnerable",NA,"AFINN",2
"1358","irate",NA,"AFINN",-3
"1359","ironic",NA,"AFINN",-1
"1360","irony",NA,"AFINN",-1
"1361","irrational",NA,"AFINN",-1
"1362","irresistible",NA,"AFINN",2
"1363","irresolute",NA,"AFINN",-2
"1364","irresponsible",NA,"AFINN",2
"1365","irreversible",NA,"AFINN",-1
"1366","irritate",NA,"AFINN",-3
"1367","irritated",NA,"AFINN",-3
"1368","irritating",NA,"AFINN",-3
"1369","isolated",NA,"AFINN",-1
"1370","itchy",NA,"AFINN",-2
"1371","jackass",NA,"AFINN",-4
"1372","jackasses",NA,"AFINN",-4
"1373","jailed",NA,"AFINN",-2
"1374","jaunty",NA,"AFINN",2
"1375","jealous",NA,"AFINN",-2
"1376","jeopardy",NA,"AFINN",-2
"1377","jerk",NA,"AFINN",-3
"1378","jesus",NA,"AFINN",1
"1379","jewel",NA,"AFINN",1
"1380","jewels",NA,"AFINN",1
"1381","jocular",NA,"AFINN",2
"1382","join",NA,"AFINN",1
"1383","joke",NA,"AFINN",2
"1384","jokes",NA,"AFINN",2
"1385","jolly",NA,"AFINN",2
"1386","jovial",NA,"AFINN",2
"1387","joy",NA,"AFINN",3
"1388","joyful",NA,"AFINN",3
"1389","joyfully",NA,"AFINN",3
"1390","joyless",NA,"AFINN",-2
"1391","joyous",NA,"AFINN",3
"1392","jubilant",NA,"AFINN",3
"1393","jumpy",NA,"AFINN",-1
"1394","justice",NA,"AFINN",2
"1395","justifiably",NA,"AFINN",2
"1396","justified",NA,"AFINN",2
"1397","keen",NA,"AFINN",1
"1398","kill",NA,"AFINN",-3
"1399","killed",NA,"AFINN",-3
"1400","killing",NA,"AFINN",-3
"1401","kills",NA,"AFINN",-3
"1402","kind",NA,"AFINN",2
"1403","kinder",NA,"AFINN",2
"1404","kiss",NA,"AFINN",2
"1405","kudos",NA,"AFINN",3
"1406","lack",NA,"AFINN",-2
"1407","lackadaisical",NA,"AFINN",-2
"1408","lag",NA,"AFINN",-1
"1409","lagged",NA,"AFINN",-2
"1410","lagging",NA,"AFINN",-2
"1411","lags",NA,"AFINN",-2
"1412","lame",NA,"AFINN",-2
"1413","landmark",NA,"AFINN",2
"1414","laugh",NA,"AFINN",1
"1415","laughed",NA,"AFINN",1
"1416","laughing",NA,"AFINN",1
"1417","laughs",NA,"AFINN",1
"1418","laughting",NA,"AFINN",1
"1419","launched",NA,"AFINN",1
"1420","lawl",NA,"AFINN",3
"1421","lawsuit",NA,"AFINN",-2
"1422","lawsuits",NA,"AFINN",-2
"1423","lazy",NA,"AFINN",-1
"1424","leak",NA,"AFINN",-1
"1425","leaked",NA,"AFINN",-1
"1426","leave",NA,"AFINN",-1
"1427","legal",NA,"AFINN",1
"1428","legally",NA,"AFINN",1
"1429","lenient",NA,"AFINN",1
"1430","lethargic",NA,"AFINN",-2
"1431","lethargy",NA,"AFINN",-2
"1432","liar",NA,"AFINN",-3
"1433","liars",NA,"AFINN",-3
"1434","libelous",NA,"AFINN",-2
"1435","lied",NA,"AFINN",-2
"1436","lifesaver",NA,"AFINN",4
"1437","lighthearted",NA,"AFINN",1
"1438","like",NA,"AFINN",2
"1439","liked",NA,"AFINN",2
"1440","likes",NA,"AFINN",2
"1441","limitation",NA,"AFINN",-1
"1442","limited",NA,"AFINN",-1
"1443","limits",NA,"AFINN",-1
"1444","litigation",NA,"AFINN",-1
"1445","litigious",NA,"AFINN",-2
"1446","lively",NA,"AFINN",2
"1447","livid",NA,"AFINN",-2
"1448","lmao",NA,"AFINN",4
"1449","lmfao",NA,"AFINN",4
"1450","loathe",NA,"AFINN",-3
"1451","loathed",NA,"AFINN",-3
"1452","loathes",NA,"AFINN",-3
"1453","loathing",NA,"AFINN",-3
"1454","lobby",NA,"AFINN",-2
"1455","lobbying",NA,"AFINN",-2
"1456","lol",NA,"AFINN",3
"1457","lonely",NA,"AFINN",-2
"1458","lonesome",NA,"AFINN",-2
"1459","longing",NA,"AFINN",-1
"1460","loom",NA,"AFINN",-1
"1461","loomed",NA,"AFINN",-1
"1462","looming",NA,"AFINN",-1
"1463","looms",NA,"AFINN",-1
"1464","loose",NA,"AFINN",-3
"1465","looses",NA,"AFINN",-3
"1466","loser",NA,"AFINN",-3
"1467","losing",NA,"AFINN",-3
"1468","loss",NA,"AFINN",-3
"1469","lost",NA,"AFINN",-3
"1470","lovable",NA,"AFINN",3
"1471","love",NA,"AFINN",3
"1472","loved",NA,"AFINN",3
"1473","lovelies",NA,"AFINN",3
"1474","lovely",NA,"AFINN",3
"1475","loving",NA,"AFINN",2
"1476","lowest",NA,"AFINN",-1
"1477","loyal",NA,"AFINN",3
"1478","loyalty",NA,"AFINN",3
"1479","luck",NA,"AFINN",3
"1480","luckily",NA,"AFINN",3
"1481","lucky",NA,"AFINN",3
"1482","lugubrious",NA,"AFINN",-2
"1483","lunatic",NA,"AFINN",-3
"1484","lunatics",NA,"AFINN",-3
"1485","lurk",NA,"AFINN",-1
"1486","lurking",NA,"AFINN",-1
"1487","lurks",NA,"AFINN",-1
"1488","mad",NA,"AFINN",-3
"1489","maddening",NA,"AFINN",-3
"1490","made-up",NA,"AFINN",-1
"1491","madly",NA,"AFINN",-3
"1492","madness",NA,"AFINN",-3
"1493","mandatory",NA,"AFINN",-1
"1494","manipulated",NA,"AFINN",-1
"1495","manipulating",NA,"AFINN",-1
"1496","manipulation",NA,"AFINN",-1
"1497","marvel",NA,"AFINN",3
"1498","marvelous",NA,"AFINN",3
"1499","marvels",NA,"AFINN",3
"1500","masterpiece",NA,"AFINN",4
"1501","masterpieces",NA,"AFINN",4
"1502","matter",NA,"AFINN",1
"1503","matters",NA,"AFINN",1
"1504","mature",NA,"AFINN",2
"1505","meaningful",NA,"AFINN",2
"1506","meaningless",NA,"AFINN",-2
"1507","medal",NA,"AFINN",3
"1508","mediocrity",NA,"AFINN",-3
"1509","meditative",NA,"AFINN",1
"1510","melancholy",NA,"AFINN",-2
"1511","menace",NA,"AFINN",-2
"1512","menaced",NA,"AFINN",-2
"1513","mercy",NA,"AFINN",2
"1514","merry",NA,"AFINN",3
"1515","mess",NA,"AFINN",-2
"1516","messed",NA,"AFINN",-2
"1517","messing up",NA,"AFINN",-2
"1518","methodical",NA,"AFINN",2
"1519","mindless",NA,"AFINN",-2
"1520","miracle",NA,"AFINN",4
"1521","mirth",NA,"AFINN",3
"1522","mirthful",NA,"AFINN",3
"1523","mirthfully",NA,"AFINN",3
"1524","misbehave",NA,"AFINN",-2
"1525","misbehaved",NA,"AFINN",-2
"1526","misbehaves",NA,"AFINN",-2
"1527","misbehaving",NA,"AFINN",-2
"1528","mischief",NA,"AFINN",-1
"1529","mischiefs",NA,"AFINN",-1
"1530","miserable",NA,"AFINN",-3
"1531","misery",NA,"AFINN",-2
"1532","misgiving",NA,"AFINN",-2
"1533","misinformation",NA,"AFINN",-2
"1534","misinformed",NA,"AFINN",-2
"1535","misinterpreted",NA,"AFINN",-2
"1536","misleading",NA,"AFINN",-3
"1537","misread",NA,"AFINN",-1
"1538","misreporting",NA,"AFINN",-2
"1539","misrepresentation",NA,"AFINN",-2
"1540","miss",NA,"AFINN",-2
"1541","missed",NA,"AFINN",-2
"1542","missing",NA,"AFINN",-2
"1543","mistake",NA,"AFINN",-2
"1544","mistaken",NA,"AFINN",-2
"1545","mistakes",NA,"AFINN",-2
"1546","mistaking",NA,"AFINN",-2
"1547","misunderstand",NA,"AFINN",-2
"1548","misunderstanding",NA,"AFINN",-2
"1549","misunderstands",NA,"AFINN",-2
"1550","misunderstood",NA,"AFINN",-2
"1551","moan",NA,"AFINN",-2
"1552","moaned",NA,"AFINN",-2
"1553","moaning",NA,"AFINN",-2
"1554","moans",NA,"AFINN",-2
"1555","mock",NA,"AFINN",-2
"1556","mocked",NA,"AFINN",-2
"1557","mocking",NA,"AFINN",-2
"1558","mocks",NA,"AFINN",-2
"1559","mongering",NA,"AFINN",-2
"1560","monopolize",NA,"AFINN",-2
"1561","monopolized",NA,"AFINN",-2
"1562","monopolizes",NA,"AFINN",-2
"1563","monopolizing",NA,"AFINN",-2
"1564","moody",NA,"AFINN",-1
"1565","mope",NA,"AFINN",-1
"1566","moping",NA,"AFINN",-1
"1567","moron",NA,"AFINN",-3
"1568","motherfucker",NA,"AFINN",-5
"1569","motherfucking",NA,"AFINN",-5
"1570","motivate",NA,"AFINN",1
"1571","motivated",NA,"AFINN",2
"1572","motivating",NA,"AFINN",2
"1573","motivation",NA,"AFINN",1
"1574","mourn",NA,"AFINN",-2
"1575","mourned",NA,"AFINN",-2
"1576","mournful",NA,"AFINN",-2
"1577","mourning",NA,"AFINN",-2
"1578","mourns",NA,"AFINN",-2
"1579","mumpish",NA,"AFINN",-2
"1580","murder",NA,"AFINN",-2
"1581","murderer",NA,"AFINN",-2
"1582","murdering",NA,"AFINN",-3
"1583","murderous",NA,"AFINN",-3
"1584","murders",NA,"AFINN",-2
"1585","myth",NA,"AFINN",-1
"1586","n00b",NA,"AFINN",-2
"1587","naive",NA,"AFINN",-2
"1588","nasty",NA,"AFINN",-3
"1589","natural",NA,"AFINN",1
"1590","needy",NA,"AFINN",-2
"1591","negative",NA,"AFINN",-2
"1592","negativity",NA,"AFINN",-2
"1593","neglect",NA,"AFINN",-2
"1594","neglected",NA,"AFINN",-2
"1595","neglecting",NA,"AFINN",-2
"1596","neglects",NA,"AFINN",-2
"1597","nerves",NA,"AFINN",-1
"1598","nervous",NA,"AFINN",-2
"1599","nervously",NA,"AFINN",-2
"1600","nice",NA,"AFINN",3
"1601","nifty",NA,"AFINN",2
"1602","niggas",NA,"AFINN",-5
"1603","nigger",NA,"AFINN",-5
"1604","no",NA,"AFINN",-1
"1605","no fun",NA,"AFINN",-3
"1606","noble",NA,"AFINN",2
"1607","noisy",NA,"AFINN",-1
"1608","nonsense",NA,"AFINN",-2
"1609","noob",NA,"AFINN",-2
"1610","nosey",NA,"AFINN",-2
"1611","not good",NA,"AFINN",-2
"1612","not working",NA,"AFINN",-3
"1613","notorious",NA,"AFINN",-2
"1614","novel",NA,"AFINN",2
"1615","numb",NA,"AFINN",-1
"1616","nuts",NA,"AFINN",-3
"1617","obliterate",NA,"AFINN",-2
"1618","obliterated",NA,"AFINN",-2
"1619","obnoxious",NA,"AFINN",-3
"1620","obscene",NA,"AFINN",-2
"1621","obsessed",NA,"AFINN",2
"1622","obsolete",NA,"AFINN",-2
"1623","obstacle",NA,"AFINN",-2
"1624","obstacles",NA,"AFINN",-2
"1625","obstinate",NA,"AFINN",-2
"1626","odd",NA,"AFINN",-2
"1627","offend",NA,"AFINN",-2
"1628","offended",NA,"AFINN",-2
"1629","offender",NA,"AFINN",-2
"1630","offending",NA,"AFINN",-2
"1631","offends",NA,"AFINN",-2
"1632","offline",NA,"AFINN",-1
"1633","oks",NA,"AFINN",2
"1634","ominous",NA,"AFINN",3
"1635","once-in-a-lifetime",NA,"AFINN",3
"1636","opportunities",NA,"AFINN",2
"1637","opportunity",NA,"AFINN",2
"1638","oppressed",NA,"AFINN",-2
"1639","oppressive",NA,"AFINN",-2
"1640","optimism",NA,"AFINN",2
"1641","optimistic",NA,"AFINN",2
"1642","optionless",NA,"AFINN",-2
"1643","outcry",NA,"AFINN",-2
"1644","outmaneuvered",NA,"AFINN",-2
"1645","outrage",NA,"AFINN",-3
"1646","outraged",NA,"AFINN",-3
"1647","outreach",NA,"AFINN",2
"1648","outstanding",NA,"AFINN",5
"1649","overjoyed",NA,"AFINN",4
"1650","overload",NA,"AFINN",-1
"1651","overlooked",NA,"AFINN",-1
"1652","overreact",NA,"AFINN",-2
"1653","overreacted",NA,"AFINN",-2
"1654","overreaction",NA,"AFINN",-2
"1655","overreacts",NA,"AFINN",-2
"1656","oversell",NA,"AFINN",-2
"1657","overselling",NA,"AFINN",-2
"1658","oversells",NA,"AFINN",-2
"1659","oversimplification",NA,"AFINN",-2
"1660","oversimplified",NA,"AFINN",-2
"1661","oversimplifies",NA,"AFINN",-2
"1662","oversimplify",NA,"AFINN",-2
"1663","overstatement",NA,"AFINN",-2
"1664","overstatements",NA,"AFINN",-2
"1665","overweight",NA,"AFINN",-1
"1666","oxymoron",NA,"AFINN",-1
"1667","pain",NA,"AFINN",-2
"1668","pained",NA,"AFINN",-2
"1669","panic",NA,"AFINN",-3
"1670","panicked",NA,"AFINN",-3
"1671","panics",NA,"AFINN",-3
"1672","paradise",NA,"AFINN",3
"1673","paradox",NA,"AFINN",-1
"1674","pardon",NA,"AFINN",2
"1675","pardoned",NA,"AFINN",2
"1676","pardoning",NA,"AFINN",2
"1677","pardons",NA,"AFINN",2
"1678","parley",NA,"AFINN",-1
"1679","passionate",NA,"AFINN",2
"1680","passive",NA,"AFINN",-1
"1681","passively",NA,"AFINN",-1
"1682","pathetic",NA,"AFINN",-2
"1683","pay",NA,"AFINN",-1
"1684","peace",NA,"AFINN",2
"1685","peaceful",NA,"AFINN",2
"1686","peacefully",NA,"AFINN",2
"1687","penalty",NA,"AFINN",-2
"1688","pensive",NA,"AFINN",-1
"1689","perfect",NA,"AFINN",3
"1690","perfected",NA,"AFINN",2
"1691","perfectly",NA,"AFINN",3
"1692","perfects",NA,"AFINN",2
"1693","peril",NA,"AFINN",-2
"1694","perjury",NA,"AFINN",-3
"1695","perpetrator",NA,"AFINN",-2
"1696","perpetrators",NA,"AFINN",-2
"1697","perplexed",NA,"AFINN",-2
"1698","persecute",NA,"AFINN",-2
"1699","persecuted",NA,"AFINN",-2
"1700","persecutes",NA,"AFINN",-2
"1701","persecuting",NA,"AFINN",-2
"1702","perturbed",NA,"AFINN",-2
"1703","pesky",NA,"AFINN",-2
"1704","pessimism",NA,"AFINN",-2
"1705","pessimistic",NA,"AFINN",-2
"1706","petrified",NA,"AFINN",-2
"1707","phobic",NA,"AFINN",-2
"1708","picturesque",NA,"AFINN",2
"1709","pileup",NA,"AFINN",-1
"1710","pique",NA,"AFINN",-2
"1711","piqued",NA,"AFINN",-2
"1712","piss",NA,"AFINN",-4
"1713","pissed",NA,"AFINN",-4
"1714","pissing",NA,"AFINN",-3
"1715","piteous",NA,"AFINN",-2
"1716","pitied",NA,"AFINN",-1
"1717","pity",NA,"AFINN",-2
"1718","playful",NA,"AFINN",2
"1719","pleasant",NA,"AFINN",3
"1720","please",NA,"AFINN",1
"1721","pleased",NA,"AFINN",3
"1722","pleasure",NA,"AFINN",3
"1723","poised",NA,"AFINN",-2
"1724","poison",NA,"AFINN",-2
"1725","poisoned",NA,"AFINN",-2
"1726","poisons",NA,"AFINN",-2
"1727","pollute",NA,"AFINN",-2
"1728","polluted",NA,"AFINN",-2
"1729","polluter",NA,"AFINN",-2
"1730","polluters",NA,"AFINN",-2
"1731","pollutes",NA,"AFINN",-2
"1732","poor",NA,"AFINN",-2
"1733","poorer",NA,"AFINN",-2
"1734","poorest",NA,"AFINN",-2
"1735","popular",NA,"AFINN",3
"1736","positive",NA,"AFINN",2
"1737","positively",NA,"AFINN",2
"1738","possessive",NA,"AFINN",-2
"1739","postpone",NA,"AFINN",-1
"1740","postponed",NA,"AFINN",-1
"1741","postpones",NA,"AFINN",-1
"1742","postponing",NA,"AFINN",-1
"1743","poverty",NA,"AFINN",-1
"1744","powerful",NA,"AFINN",2
"1745","powerless",NA,"AFINN",-2
"1746","praise",NA,"AFINN",3
"1747","praised",NA,"AFINN",3
"1748","praises",NA,"AFINN",3
"1749","praising",NA,"AFINN",3
"1750","pray",NA,"AFINN",1
"1751","praying",NA,"AFINN",1
"1752","prays",NA,"AFINN",1
"1753","prblm",NA,"AFINN",-2
"1754","prblms",NA,"AFINN",-2
"1755","prepared",NA,"AFINN",1
"1756","pressure",NA,"AFINN",-1
"1757","pressured",NA,"AFINN",-2
"1758","pretend",NA,"AFINN",-1
"1759","pretending",NA,"AFINN",-1
"1760","pretends",NA,"AFINN",-1
"1761","pretty",NA,"AFINN",1
"1762","prevent",NA,"AFINN",-1
"1763","prevented",NA,"AFINN",-1
"1764","preventing",NA,"AFINN",-1
"1765","prevents",NA,"AFINN",-1
"1766","prick",NA,"AFINN",-5
"1767","prison",NA,"AFINN",-2
"1768","prisoner",NA,"AFINN",-2
"1769","prisoners",NA,"AFINN",-2
"1770","privileged",NA,"AFINN",2
"1771","proactive",NA,"AFINN",2
"1772","problem",NA,"AFINN",-2
"1773","problems",NA,"AFINN",-2
"1774","profiteer",NA,"AFINN",-2
"1775","progress",NA,"AFINN",2
"1776","prominent",NA,"AFINN",2
"1777","promise",NA,"AFINN",1
"1778","promised",NA,"AFINN",1
"1779","promises",NA,"AFINN",1
"1780","promote",NA,"AFINN",1
"1781","promoted",NA,"AFINN",1
"1782","promotes",NA,"AFINN",1
"1783","promoting",NA,"AFINN",1
"1784","propaganda",NA,"AFINN",-2
"1785","prosecute",NA,"AFINN",-1
"1786","prosecuted",NA,"AFINN",-2
"1787","prosecutes",NA,"AFINN",-1
"1788","prosecution",NA,"AFINN",-1
"1789","prospect",NA,"AFINN",1
"1790","prospects",NA,"AFINN",1
"1791","prosperous",NA,"AFINN",3
"1792","protect",NA,"AFINN",1
"1793","protected",NA,"AFINN",1
"1794","protects",NA,"AFINN",1
"1795","protest",NA,"AFINN",-2
"1796","protesters",NA,"AFINN",-2
"1797","protesting",NA,"AFINN",-2
"1798","protests",NA,"AFINN",-2
"1799","proud",NA,"AFINN",2
"1800","proudly",NA,"AFINN",2
"1801","provoke",NA,"AFINN",-1
"1802","provoked",NA,"AFINN",-1
"1803","provokes",NA,"AFINN",-1
"1804","provoking",NA,"AFINN",-1
"1805","pseudoscience",NA,"AFINN",-3
"1806","punish",NA,"AFINN",-2
"1807","punished",NA,"AFINN",-2
"1808","punishes",NA,"AFINN",-2
"1809","punitive",NA,"AFINN",-2
"1810","pushy",NA,"AFINN",-1
"1811","puzzled",NA,"AFINN",-2
"1812","quaking",NA,"AFINN",-2
"1813","questionable",NA,"AFINN",-2
"1814","questioned",NA,"AFINN",-1
"1815","questioning",NA,"AFINN",-1
"1816","racism",NA,"AFINN",-3
"1817","racist",NA,"AFINN",-3
"1818","racists",NA,"AFINN",-3
"1819","rage",NA,"AFINN",-2
"1820","rageful",NA,"AFINN",-2
"1821","rainy",NA,"AFINN",-1
"1822","rant",NA,"AFINN",-3
"1823","ranter",NA,"AFINN",-3
"1824","ranters",NA,"AFINN",-3
"1825","rants",NA,"AFINN",-3
"1826","rape",NA,"AFINN",-4
"1827","rapist",NA,"AFINN",-4
"1828","rapture",NA,"AFINN",2
"1829","raptured",NA,"AFINN",2
"1830","raptures",NA,"AFINN",2
"1831","rapturous",NA,"AFINN",4
"1832","rash",NA,"AFINN",-2
"1833","ratified",NA,"AFINN",2
"1834","reach",NA,"AFINN",1
"1835","reached",NA,"AFINN",1
"1836","reaches",NA,"AFINN",1
"1837","reaching",NA,"AFINN",1
"1838","reassure",NA,"AFINN",1
"1839","reassured",NA,"AFINN",1
"1840","reassures",NA,"AFINN",1
"1841","reassuring",NA,"AFINN",2
"1842","rebellion",NA,"AFINN",-2
"1843","recession",NA,"AFINN",-2
"1844","reckless",NA,"AFINN",-2
"1845","recommend",NA,"AFINN",2
"1846","recommended",NA,"AFINN",2
"1847","recommends",NA,"AFINN",2
"1848","redeemed",NA,"AFINN",2
"1849","refuse",NA,"AFINN",-2
"1850","refused",NA,"AFINN",-2
"1851","refusing",NA,"AFINN",-2
"1852","regret",NA,"AFINN",-2
"1853","regretful",NA,"AFINN",-2
"1854","regrets",NA,"AFINN",-2
"1855","regretted",NA,"AFINN",-2
"1856","regretting",NA,"AFINN",-2
"1857","reject",NA,"AFINN",-1
"1858","rejected",NA,"AFINN",-1
"1859","rejecting",NA,"AFINN",-1
"1860","rejects",NA,"AFINN",-1
"1861","rejoice",NA,"AFINN",4
"1862","rejoiced",NA,"AFINN",4
"1863","rejoices",NA,"AFINN",4
"1864","rejoicing",NA,"AFINN",4
"1865","relaxed",NA,"AFINN",2
"1866","relentless",NA,"AFINN",-1
"1867","reliant",NA,"AFINN",2
"1868","relieve",NA,"AFINN",1
"1869","relieved",NA,"AFINN",2
"1870","relieves",NA,"AFINN",1
"1871","relieving",NA,"AFINN",2
"1872","relishing",NA,"AFINN",2
"1873","remarkable",NA,"AFINN",2
"1874","remorse",NA,"AFINN",-2
"1875","repulse",NA,"AFINN",-1
"1876","repulsed",NA,"AFINN",-2
"1877","rescue",NA,"AFINN",2
"1878","rescued",NA,"AFINN",2
"1879","rescues",NA,"AFINN",2
"1880","resentful",NA,"AFINN",-2
"1881","resign",NA,"AFINN",-1
"1882","resigned",NA,"AFINN",-1
"1883","resigning",NA,"AFINN",-1
"1884","resigns",NA,"AFINN",-1
"1885","resolute",NA,"AFINN",2
"1886","resolve",NA,"AFINN",2
"1887","resolved",NA,"AFINN",2
"1888","resolves",NA,"AFINN",2
"1889","resolving",NA,"AFINN",2
"1890","respected",NA,"AFINN",2
"1891","responsible",NA,"AFINN",2
"1892","responsive",NA,"AFINN",2
"1893","restful",NA,"AFINN",2
"1894","restless",NA,"AFINN",-2
"1895","restore",NA,"AFINN",1
"1896","restored",NA,"AFINN",1
"1897","restores",NA,"AFINN",1
"1898","restoring",NA,"AFINN",1
"1899","restrict",NA,"AFINN",-2
"1900","restricted",NA,"AFINN",-2
"1901","restricting",NA,"AFINN",-2
"1902","restriction",NA,"AFINN",-2
"1903","restricts",NA,"AFINN",-2
"1904","retained",NA,"AFINN",-1
"1905","retard",NA,"AFINN",-2
"1906","retarded",NA,"AFINN",-2
"1907","retreat",NA,"AFINN",-1
"1908","revenge",NA,"AFINN",-2
"1909","revengeful",NA,"AFINN",-2
"1910","revered",NA,"AFINN",2
"1911","revive",NA,"AFINN",2
"1912","revives",NA,"AFINN",2
"1913","reward",NA,"AFINN",2
"1914","rewarded",NA,"AFINN",2
"1915","rewarding",NA,"AFINN",2
"1916","rewards",NA,"AFINN",2
"1917","rich",NA,"AFINN",2
"1918","ridiculous",NA,"AFINN",-3
"1919","rig",NA,"AFINN",-1
"1920","rigged",NA,"AFINN",-1
"1921","right direction",NA,"AFINN",3
"1922","rigorous",NA,"AFINN",3
"1923","rigorously",NA,"AFINN",3
"1924","riot",NA,"AFINN",-2
"1925","riots",NA,"AFINN",-2
"1926","risk",NA,"AFINN",-2
"1927","risks",NA,"AFINN",-2
"1928","rob",NA,"AFINN",-2
"1929","robber",NA,"AFINN",-2
"1930","robed",NA,"AFINN",-2
"1931","robing",NA,"AFINN",-2
"1932","robs",NA,"AFINN",-2
"1933","robust",NA,"AFINN",2
"1934","rofl",NA,"AFINN",4
"1935","roflcopter",NA,"AFINN",4
"1936","roflmao",NA,"AFINN",4
"1937","romance",NA,"AFINN",2
"1938","rotfl",NA,"AFINN",4
"1939","rotflmfao",NA,"AFINN",4
"1940","rotflol",NA,"AFINN",4
"1941","ruin",NA,"AFINN",-2
"1942","ruined",NA,"AFINN",-2
"1943","ruining",NA,"AFINN",-2
"1944","ruins",NA,"AFINN",-2
"1945","sabotage",NA,"AFINN",-2
"1946","sad",NA,"AFINN",-2
"1947","sadden",NA,"AFINN",-2
"1948","saddened",NA,"AFINN",-2
"1949","sadly",NA,"AFINN",-2
"1950","safe",NA,"AFINN",1
"1951","safely",NA,"AFINN",1
"1952","safety",NA,"AFINN",1
"1953","salient",NA,"AFINN",1
"1954","sappy",NA,"AFINN",-1
"1955","sarcastic",NA,"AFINN",-2
"1956","satisfied",NA,"AFINN",2
"1957","save",NA,"AFINN",2
"1958","saved",NA,"AFINN",2
"1959","scam",NA,"AFINN",-2
"1960","scams",NA,"AFINN",-2
"1961","scandal",NA,"AFINN",-3
"1962","scandalous",NA,"AFINN",-3
"1963","scandals",NA,"AFINN",-3
"1964","scapegoat",NA,"AFINN",-2
"1965","scapegoats",NA,"AFINN",-2
"1966","scare",NA,"AFINN",-2
"1967","scared",NA,"AFINN",-2
"1968","scary",NA,"AFINN",-2
"1969","sceptical",NA,"AFINN",-2
"1970","scold",NA,"AFINN",-2
"1971","scoop",NA,"AFINN",3
"1972","scorn",NA,"AFINN",-2
"1973","scornful",NA,"AFINN",-2
"1974","scream",NA,"AFINN",-2
"1975","screamed",NA,"AFINN",-2
"1976","screaming",NA,"AFINN",-2
"1977","screams",NA,"AFINN",-2
"1978","screwed",NA,"AFINN",-2
"1979","screwed up",NA,"AFINN",-3
"1980","scumbag",NA,"AFINN",-4
"1981","secure",NA,"AFINN",2
"1982","secured",NA,"AFINN",2
"1983","secures",NA,"AFINN",2
"1984","sedition",NA,"AFINN",-2
"1985","seditious",NA,"AFINN",-2
"1986","seduced",NA,"AFINN",-1
"1987","self-confident",NA,"AFINN",2
"1988","self-deluded",NA,"AFINN",-2
"1989","selfish",NA,"AFINN",-3
"1990","selfishness",NA,"AFINN",-3
"1991","sentence",NA,"AFINN",-2
"1992","sentenced",NA,"AFINN",-2
"1993","sentences",NA,"AFINN",-2
"1994","sentencing",NA,"AFINN",-2
"1995","serene",NA,"AFINN",2
"1996","severe",NA,"AFINN",-2
"1997","sexy",NA,"AFINN",3
"1998","shaky",NA,"AFINN",-2
"1999","shame",NA,"AFINN",-2
"2000","shamed",NA,"AFINN",-2
"2001","shameful",NA,"AFINN",-2
"2002","share",NA,"AFINN",1
"2003","shared",NA,"AFINN",1
"2004","shares",NA,"AFINN",1
"2005","shattered",NA,"AFINN",-2
"2006","shit",NA,"AFINN",-4
"2007","shithead",NA,"AFINN",-4
"2008","shitty",NA,"AFINN",-3
"2009","shock",NA,"AFINN",-2
"2010","shocked",NA,"AFINN",-2
"2011","shocking",NA,"AFINN",-2
"2012","shocks",NA,"AFINN",-2
"2013","shoot",NA,"AFINN",-1
"2014","short-sighted",NA,"AFINN",-2
"2015","short-sightedness",NA,"AFINN",-2
"2016","shortage",NA,"AFINN",-2
"2017","shortages",NA,"AFINN",-2
"2018","shrew",NA,"AFINN",-4
"2019","shy",NA,"AFINN",-1
"2020","sick",NA,"AFINN",-2
"2021","sigh",NA,"AFINN",-2
"2022","significance",NA,"AFINN",1
"2023","significant",NA,"AFINN",1
"2024","silencing",NA,"AFINN",-1
"2025","silly",NA,"AFINN",-1
"2026","sincere",NA,"AFINN",2
"2027","sincerely",NA,"AFINN",2
"2028","sincerest",NA,"AFINN",2
"2029","sincerity",NA,"AFINN",2
"2030","sinful",NA,"AFINN",-3
"2031","singleminded",NA,"AFINN",-2
"2032","skeptic",NA,"AFINN",-2
"2033","skeptical",NA,"AFINN",-2
"2034","skepticism",NA,"AFINN",-2
"2035","skeptics",NA,"AFINN",-2
"2036","slam",NA,"AFINN",-2
"2037","slash",NA,"AFINN",-2
"2038","slashed",NA,"AFINN",-2
"2039","slashes",NA,"AFINN",-2
"2040","slashing",NA,"AFINN",-2
"2041","slavery",NA,"AFINN",-3
"2042","sleeplessness",NA,"AFINN",-2
"2043","slick",NA,"AFINN",2
"2044","slicker",NA,"AFINN",2
"2045","slickest",NA,"AFINN",2
"2046","sluggish",NA,"AFINN",-2
"2047","slut",NA,"AFINN",-5
"2048","smart",NA,"AFINN",1
"2049","smarter",NA,"AFINN",2
"2050","smartest",NA,"AFINN",2
"2051","smear",NA,"AFINN",-2
"2052","smile",NA,"AFINN",2
"2053","smiled",NA,"AFINN",2
"2054","smiles",NA,"AFINN",2
"2055","smiling",NA,"AFINN",2
"2056","smog",NA,"AFINN",-2
"2057","sneaky",NA,"AFINN",-1
"2058","snub",NA,"AFINN",-2
"2059","snubbed",NA,"AFINN",-2
"2060","snubbing",NA,"AFINN",-2
"2061","snubs",NA,"AFINN",-2
"2062","sobering",NA,"AFINN",1
"2063","solemn",NA,"AFINN",-1
"2064","solid",NA,"AFINN",2
"2065","solidarity",NA,"AFINN",2
"2066","solution",NA,"AFINN",1
"2067","solutions",NA,"AFINN",1
"2068","solve",NA,"AFINN",1
"2069","solved",NA,"AFINN",1
"2070","solves",NA,"AFINN",1
"2071","solving",NA,"AFINN",1
"2072","somber",NA,"AFINN",-2
"2073","some kind",NA,"AFINN",0
"2074","son-of-a-bitch",NA,"AFINN",-5
"2075","soothe",NA,"AFINN",3
"2076","soothed",NA,"AFINN",3
"2077","soothing",NA,"AFINN",3
"2078","sophisticated",NA,"AFINN",2
"2079","sore",NA,"AFINN",-1
"2080","sorrow",NA,"AFINN",-2
"2081","sorrowful",NA,"AFINN",-2
"2082","sorry",NA,"AFINN",-1
"2083","spam",NA,"AFINN",-2
"2084","spammer",NA,"AFINN",-3
"2085","spammers",NA,"AFINN",-3
"2086","spamming",NA,"AFINN",-2
"2087","spark",NA,"AFINN",1
"2088","sparkle",NA,"AFINN",3
"2089","sparkles",NA,"AFINN",3
"2090","sparkling",NA,"AFINN",3
"2091","speculative",NA,"AFINN",-2
"2092","spirit",NA,"AFINN",1
"2093","spirited",NA,"AFINN",2
"2094","spiritless",NA,"AFINN",-2
"2095","spiteful",NA,"AFINN",-2
"2096","splendid",NA,"AFINN",3
"2097","sprightly",NA,"AFINN",2
"2098","squelched",NA,"AFINN",-1
"2099","stab",NA,"AFINN",-2
"2100","stabbed",NA,"AFINN",-2
"2101","stable",NA,"AFINN",2
"2102","stabs",NA,"AFINN",-2
"2103","stall",NA,"AFINN",-2
"2104","stalled",NA,"AFINN",-2
"2105","stalling",NA,"AFINN",-2
"2106","stamina",NA,"AFINN",2
"2107","stampede",NA,"AFINN",-2
"2108","startled",NA,"AFINN",-2
"2109","starve",NA,"AFINN",-2
"2110","starved",NA,"AFINN",-2
"2111","starves",NA,"AFINN",-2
"2112","starving",NA,"AFINN",-2
"2113","steadfast",NA,"AFINN",2
"2114","steal",NA,"AFINN",-2
"2115","steals",NA,"AFINN",-2
"2116","stereotype",NA,"AFINN",-2
"2117","stereotyped",NA,"AFINN",-2
"2118","stifled",NA,"AFINN",-1
"2119","stimulate",NA,"AFINN",1
"2120","stimulated",NA,"AFINN",1
"2121","stimulates",NA,"AFINN",1
"2122","stimulating",NA,"AFINN",2
"2123","stingy",NA,"AFINN",-2
"2124","stolen",NA,"AFINN",-2
"2125","stop",NA,"AFINN",-1
"2126","stopped",NA,"AFINN",-1
"2127","stopping",NA,"AFINN",-1
"2128","stops",NA,"AFINN",-1
"2129","stout",NA,"AFINN",2
"2130","straight",NA,"AFINN",1
"2131","strange",NA,"AFINN",-1
"2132","strangely",NA,"AFINN",-1
"2133","strangled",NA,"AFINN",-2
"2134","strength",NA,"AFINN",2
"2135","strengthen",NA,"AFINN",2
"2136","strengthened",NA,"AFINN",2
"2137","strengthening",NA,"AFINN",2
"2138","strengthens",NA,"AFINN",2
"2139","stressed",NA,"AFINN",-2
"2140","stressor",NA,"AFINN",-2
"2141","stressors",NA,"AFINN",-2
"2142","stricken",NA,"AFINN",-2
"2143","strike",NA,"AFINN",-1
"2144","strikers",NA,"AFINN",-2
"2145","strikes",NA,"AFINN",-1
"2146","strong",NA,"AFINN",2
"2147","stronger",NA,"AFINN",2
"2148","strongest",NA,"AFINN",2
"2149","struck",NA,"AFINN",-1
"2150","struggle",NA,"AFINN",-2
"2151","struggled",NA,"AFINN",-2
"2152","struggles",NA,"AFINN",-2
"2153","struggling",NA,"AFINN",-2
"2154","stubborn",NA,"AFINN",-2
"2155","stuck",NA,"AFINN",-2
"2156","stunned",NA,"AFINN",-2
"2157","stunning",NA,"AFINN",4
"2158","stupid",NA,"AFINN",-2
"2159","stupidly",NA,"AFINN",-2
"2160","suave",NA,"AFINN",2
"2161","substantial",NA,"AFINN",1
"2162","substantially",NA,"AFINN",1
"2163","subversive",NA,"AFINN",-2
"2164","success",NA,"AFINN",2
"2165","successful",NA,"AFINN",3
"2166","suck",NA,"AFINN",-3
"2167","sucks",NA,"AFINN",-3
"2168","suffer",NA,"AFINN",-2
"2169","suffering",NA,"AFINN",-2
"2170","suffers",NA,"AFINN",-2
"2171","suicidal",NA,"AFINN",-2
"2172","suicide",NA,"AFINN",-2
"2173","suing",NA,"AFINN",-2
"2174","sulking",NA,"AFINN",-2
"2175","sulky",NA,"AFINN",-2
"2176","sullen",NA,"AFINN",-2
"2177","sunshine",NA,"AFINN",2
"2178","super",NA,"AFINN",3
"2179","superb",NA,"AFINN",5
"2180","superior",NA,"AFINN",2
"2181","support",NA,"AFINN",2
"2182","supported",NA,"AFINN",2
"2183","supporter",NA,"AFINN",1
"2184","supporters",NA,"AFINN",1
"2185","supporting",NA,"AFINN",1
"2186","supportive",NA,"AFINN",2
"2187","supports",NA,"AFINN",2
"2188","survived",NA,"AFINN",2
"2189","surviving",NA,"AFINN",2
"2190","survivor",NA,"AFINN",2
"2191","suspect",NA,"AFINN",-1
"2192","suspected",NA,"AFINN",-1
"2193","suspecting",NA,"AFINN",-1
"2194","suspects",NA,"AFINN",-1
"2195","suspend",NA,"AFINN",-1
"2196","suspended",NA,"AFINN",-1
"2197","suspicious",NA,"AFINN",-2
"2198","swear",NA,"AFINN",-2
"2199","swearing",NA,"AFINN",-2
"2200","swears",NA,"AFINN",-2
"2201","sweet",NA,"AFINN",2
"2202","swift",NA,"AFINN",2
"2203","swiftly",NA,"AFINN",2
"2204","swindle",NA,"AFINN",-3
"2205","swindles",NA,"AFINN",-3
"2206","swindling",NA,"AFINN",-3
"2207","sympathetic",NA,"AFINN",2
"2208","sympathy",NA,"AFINN",2
"2209","tard",NA,"AFINN",-2
"2210","tears",NA,"AFINN",-2
"2211","tender",NA,"AFINN",2
"2212","tense",NA,"AFINN",-2
"2213","tension",NA,"AFINN",-1
"2214","terrible",NA,"AFINN",-3
"2215","terribly",NA,"AFINN",-3
"2216","terrific",NA,"AFINN",4
"2217","terrified",NA,"AFINN",-3
"2218","terror",NA,"AFINN",-3
"2219","terrorize",NA,"AFINN",-3
"2220","terrorized",NA,"AFINN",-3
"2221","terrorizes",NA,"AFINN",-3
"2222","thank",NA,"AFINN",2
"2223","thankful",NA,"AFINN",2
"2224","thanks",NA,"AFINN",2
"2225","thorny",NA,"AFINN",-2
"2226","thoughtful",NA,"AFINN",2
"2227","thoughtless",NA,"AFINN",-2
"2228","threat",NA,"AFINN",-2
"2229","threaten",NA,"AFINN",-2
"2230","threatened",NA,"AFINN",-2
"2231","threatening",NA,"AFINN",-2
"2232","threatens",NA,"AFINN",-2
"2233","threats",NA,"AFINN",-2
"2234","thrilled",NA,"AFINN",5
"2235","thwart",NA,"AFINN",-2
"2236","thwarted",NA,"AFINN",-2
"2237","thwarting",NA,"AFINN",-2
"2238","thwarts",NA,"AFINN",-2
"2239","timid",NA,"AFINN",-2
"2240","timorous",NA,"AFINN",-2
"2241","tired",NA,"AFINN",-2
"2242","tits",NA,"AFINN",-2
"2243","tolerant",NA,"AFINN",2
"2244","toothless",NA,"AFINN",-2
"2245","top",NA,"AFINN",2
"2246","tops",NA,"AFINN",2
"2247","torn",NA,"AFINN",-2
"2248","torture",NA,"AFINN",-4
"2249","tortured",NA,"AFINN",-4
"2250","tortures",NA,"AFINN",-4
"2251","torturing",NA,"AFINN",-4
"2252","totalitarian",NA,"AFINN",-2
"2253","totalitarianism",NA,"AFINN",-2
"2254","tout",NA,"AFINN",-2
"2255","touted",NA,"AFINN",-2
"2256","touting",NA,"AFINN",-2
"2257","touts",NA,"AFINN",-2
"2258","tragedy",NA,"AFINN",-2
"2259","tragic",NA,"AFINN",-2
"2260","tranquil",NA,"AFINN",2
"2261","trap",NA,"AFINN",-1
"2262","trapped",NA,"AFINN",-2
"2263","trauma",NA,"AFINN",-3
"2264","traumatic",NA,"AFINN",-3
"2265","travesty",NA,"AFINN",-2
"2266","treason",NA,"AFINN",-3
"2267","treasonous",NA,"AFINN",-3
"2268","treasure",NA,"AFINN",2
"2269","treasures",NA,"AFINN",2
"2270","trembling",NA,"AFINN",-2
"2271","tremulous",NA,"AFINN",-2
"2272","tricked",NA,"AFINN",-2
"2273","trickery",NA,"AFINN",-2
"2274","triumph",NA,"AFINN",4
"2275","triumphant",NA,"AFINN",4
"2276","trouble",NA,"AFINN",-2
"2277","troubled",NA,"AFINN",-2
"2278","troubles",NA,"AFINN",-2
"2279","true",NA,"AFINN",2
"2280","trust",NA,"AFINN",1
"2281","trusted",NA,"AFINN",2
"2282","tumor",NA,"AFINN",-2
"2283","twat",NA,"AFINN",-5
"2284","ugly",NA,"AFINN",-3
"2285","unacceptable",NA,"AFINN",-2
"2286","unappreciated",NA,"AFINN",-2
"2287","unapproved",NA,"AFINN",-2
"2288","unaware",NA,"AFINN",-2
"2289","unbelievable",NA,"AFINN",-1
"2290","unbelieving",NA,"AFINN",-1
"2291","unbiased",NA,"AFINN",2
"2292","uncertain",NA,"AFINN",-1
"2293","unclear",NA,"AFINN",-1
"2294","uncomfortable",NA,"AFINN",-2
"2295","unconcerned",NA,"AFINN",-2
"2296","unconfirmed",NA,"AFINN",-1
"2297","unconvinced",NA,"AFINN",-1
"2298","uncredited",NA,"AFINN",-1
"2299","undecided",NA,"AFINN",-1
"2300","underestimate",NA,"AFINN",-1
"2301","underestimated",NA,"AFINN",-1
"2302","underestimates",NA,"AFINN",-1
"2303","underestimating",NA,"AFINN",-1
"2304","undermine",NA,"AFINN",-2
"2305","undermined",NA,"AFINN",-2
"2306","undermines",NA,"AFINN",-2
"2307","undermining",NA,"AFINN",-2
"2308","undeserving",NA,"AFINN",-2
"2309","undesirable",NA,"AFINN",-2
"2310","uneasy",NA,"AFINN",-2
"2311","unemployment",NA,"AFINN",-2
"2312","unequal",NA,"AFINN",-1
"2313","unequaled",NA,"AFINN",2
"2314","unethical",NA,"AFINN",-2
"2315","unfair",NA,"AFINN",-2
"2316","unfocused",NA,"AFINN",-2
"2317","unfulfilled",NA,"AFINN",-2
"2318","unhappy",NA,"AFINN",-2
"2319","unhealthy",NA,"AFINN",-2
"2320","unified",NA,"AFINN",1
"2321","unimpressed",NA,"AFINN",-2
"2322","unintelligent",NA,"AFINN",-2
"2323","united",NA,"AFINN",1
"2324","unjust",NA,"AFINN",-2
"2325","unlovable",NA,"AFINN",-2
"2326","unloved",NA,"AFINN",-2
"2327","unmatched",NA,"AFINN",1
"2328","unmotivated",NA,"AFINN",-2
"2329","unprofessional",NA,"AFINN",-2
"2330","unresearched",NA,"AFINN",-2
"2331","unsatisfied",NA,"AFINN",-2
"2332","unsecured",NA,"AFINN",-2
"2333","unsettled",NA,"AFINN",-1
"2334","unsophisticated",NA,"AFINN",-2
"2335","unstable",NA,"AFINN",-2
"2336","unstoppable",NA,"AFINN",2
"2337","unsupported",NA,"AFINN",-2
"2338","unsure",NA,"AFINN",-1
"2339","untarnished",NA,"AFINN",2
"2340","unwanted",NA,"AFINN",-2
"2341","unworthy",NA,"AFINN",-2
"2342","upset",NA,"AFINN",-2
"2343","upsets",NA,"AFINN",-2
"2344","upsetting",NA,"AFINN",-2
"2345","uptight",NA,"AFINN",-2
"2346","urgent",NA,"AFINN",-1
"2347","useful",NA,"AFINN",2
"2348","usefulness",NA,"AFINN",2
"2349","useless",NA,"AFINN",-2
"2350","uselessness",NA,"AFINN",-2
"2351","vague",NA,"AFINN",-2
"2352","validate",NA,"AFINN",1
"2353","validated",NA,"AFINN",1
"2354","validates",NA,"AFINN",1
"2355","validating",NA,"AFINN",1
"2356","verdict",NA,"AFINN",-1
"2357","verdicts",NA,"AFINN",-1
"2358","vested",NA,"AFINN",1
"2359","vexation",NA,"AFINN",-2
"2360","vexing",NA,"AFINN",-2
"2361","vibrant",NA,"AFINN",3
"2362","vicious",NA,"AFINN",-2
"2363","victim",NA,"AFINN",-3
"2364","victimize",NA,"AFINN",-3
"2365","victimized",NA,"AFINN",-3
"2366","victimizes",NA,"AFINN",-3
"2367","victimizing",NA,"AFINN",-3
"2368","victims",NA,"AFINN",-3
"2369","vigilant",NA,"AFINN",3
"2370","vile",NA,"AFINN",-3
"2371","vindicate",NA,"AFINN",2
"2372","vindicated",NA,"AFINN",2
"2373","vindicates",NA,"AFINN",2
"2374","vindicating",NA,"AFINN",2
"2375","violate",NA,"AFINN",-2
"2376","violated",NA,"AFINN",-2
"2377","violates",NA,"AFINN",-2
"2378","violating",NA,"AFINN",-2
"2379","violence",NA,"AFINN",-3
"2380","violent",NA,"AFINN",-3
"2381","virtuous",NA,"AFINN",2
"2382","virulent",NA,"AFINN",-2
"2383","vision",NA,"AFINN",1
"2384","visionary",NA,"AFINN",3
"2385","visioning",NA,"AFINN",1
"2386","visions",NA,"AFINN",1
"2387","vitality",NA,"AFINN",3
"2388","vitamin",NA,"AFINN",1
"2389","vitriolic",NA,"AFINN",-3
"2390","vivacious",NA,"AFINN",3
"2391","vociferous",NA,"AFINN",-1
"2392","vulnerability",NA,"AFINN",-2
"2393","vulnerable",NA,"AFINN",-2
"2394","walkout",NA,"AFINN",-2
"2395","walkouts",NA,"AFINN",-2
"2396","wanker",NA,"AFINN",-3
"2397","want",NA,"AFINN",1
"2398","war",NA,"AFINN",-2
"2399","warfare",NA,"AFINN",-2
"2400","warm",NA,"AFINN",1
"2401","warmth",NA,"AFINN",2
"2402","warn",NA,"AFINN",-2
"2403","warned",NA,"AFINN",-2
"2404","warning",NA,"AFINN",-3
"2405","warnings",NA,"AFINN",-3
"2406","warns",NA,"AFINN",-2
"2407","waste",NA,"AFINN",-1
"2408","wasted",NA,"AFINN",-2
"2409","wasting",NA,"AFINN",-2
"2410","wavering",NA,"AFINN",-1
"2411","weak",NA,"AFINN",-2
"2412","weakness",NA,"AFINN",-2
"2413","wealth",NA,"AFINN",3
"2414","wealthy",NA,"AFINN",2
"2415","weary",NA,"AFINN",-2
"2416","weep",NA,"AFINN",-2
"2417","weeping",NA,"AFINN",-2
"2418","weird",NA,"AFINN",-2
"2419","welcome",NA,"AFINN",2
"2420","welcomed",NA,"AFINN",2
"2421","welcomes",NA,"AFINN",2
"2422","whimsical",NA,"AFINN",1
"2423","whitewash",NA,"AFINN",-3
"2424","whore",NA,"AFINN",-4
"2425","wicked",NA,"AFINN",-2
"2426","widowed",NA,"AFINN",-1
"2427","willingness",NA,"AFINN",2
"2428","win",NA,"AFINN",4
"2429","winner",NA,"AFINN",4
"2430","winning",NA,"AFINN",4
"2431","wins",NA,"AFINN",4
"2432","winwin",NA,"AFINN",3
"2433","wish",NA,"AFINN",1
"2434","wishes",NA,"AFINN",1
"2435","wishing",NA,"AFINN",1
"2436","withdrawal",NA,"AFINN",-3
"2437","woebegone",NA,"AFINN",-2
"2438","woeful",NA,"AFINN",-3
"2439","won",NA,"AFINN",3
"2440","wonderful",NA,"AFINN",4
"2441","woo",NA,"AFINN",3
"2442","woohoo",NA,"AFINN",3
"2443","wooo",NA,"AFINN",4
"2444","woow",NA,"AFINN",4
"2445","worn",NA,"AFINN",-1
"2446","worried",NA,"AFINN",-3
"2447","worry",NA,"AFINN",-3
"2448","worrying",NA,"AFINN",-3
"2449","worse",NA,"AFINN",-3
"2450","worsen",NA,"AFINN",-3
"2451","worsened",NA,"AFINN",-3
"2452","worsening",NA,"AFINN",-3
"2453","worsens",NA,"AFINN",-3
"2454","worshiped",NA,"AFINN",3
"2455","worst",NA,"AFINN",-3
"2456","worth",NA,"AFINN",2
"2457","worthless",NA,"AFINN",-2
"2458","worthy",NA,"AFINN",2
"2459","wow",NA,"AFINN",4
"2460","wowow",NA,"AFINN",4
"2461","wowww",NA,"AFINN",4
"2462","wrathful",NA,"AFINN",-3
"2463","wreck",NA,"AFINN",-2
"2464","wrong",NA,"AFINN",-2
"2465","wronged",NA,"AFINN",-2
"2466","wtf",NA,"AFINN",-4
"2467","yeah",NA,"AFINN",1
"2468","yearning",NA,"AFINN",1
"2469","yeees",NA,"AFINN",2
"2470","yes",NA,"AFINN",1
"2471","youthful",NA,"AFINN",2
"2472","yucky",NA,"AFINN",-2
"2473","yummy",NA,"AFINN",3
"2474","zealot",NA,"AFINN",-2
"2475","zealots",NA,"AFINN",-2
"2476","zealous",NA,"AFINN",2
